New York,4.8,40.7127837,-74.0059413,8405837,1,New York
Los Angeles,4.8,34.0522342,-118.2436849,3884307,2,California
Chicago,-6.1,41.8781136,-87.6297982,2718782,3,Illinois
Houston,11.0,29.7604267,-95.3698028,2195914,4,Texas
Philadelphia,2.6,39.9525839,-75.1652215,1553165,5,Pennsylvania
Phoenix,14.0,33.4483771,-112.0740373,1513367,6,Arizona
San Antonio,21.0,29.4241219,-98.4936282,1409019,7,Texas
San Diego,10.5,32.715738,-117.1610838,1355896,8,California
Dallas,5.6,32.7766642,-96.7969879,1257676,9,Texas
San Jose,10.5,37.3382082,-121.8863286,998537,10,California
Austin,31.7,30.267153,-97.7430608,885400,11,Texas
Indianapolis,7.8,39.768403,-86.158068,843393,12,Indiana
Jacksonville,14.3,30.3321838,-81.655651,842583,13,Florida
San Francisco,7.7,37.7749295,-122.4194155,837442,14,California
Columbus,14.8,39.9611755,-82.9987942,822553,15,Ohio
Charlotte,39.1,35.2270869,-80.8431267,792862,16,North Carolina
Fort Worth,45.1,32.7554883,-97.3307658,792727,17,Texas
Detroit,-27.1,42.331427,-83.0457538,688701,18,Michigan
El Paso,19.4,31.7775757,-106.4424559,674433,19,Texas
Memphis,-5.3,35.1495343,-90.0489801,653450,20,Tennessee
Seattle,15.6,47.6062095,-122.3320708,652405,21,Washington
Denver,16.7,39.7392358,-104.990251,649495,22,Colorado
Washington,13.0,38.9071923,-77.0368707,646449,23,District of Columbia
Boston,9.4,42.3600825,-71.0588801,645966,24,Massachusetts
Nashville-Davidson,16.2,36.1626638,-86.7816016,634464,25,Tennessee
Baltimore,-4.0,39.2903848,-76.6121893,622104,26,Maryland
Oklahoma City,20.2,35.4675602,-97.5164276,610613,27,Oklahoma
Louisville/Jefferson County,10.0,38.2526647,-85.7584557,609893,28,Kentucky
Portland,15.0,45.5230622,-122.6764816,609456,29,Oregon
Las Vegas,24.5,36.1699412,-115.1398296,603488,30,Nevada
Milwaukee,0.3,43.0389025,-87.9064736,599164,31,Wisconsin
Albuquerque,23.5,35.0853336,-106.6055534,556495,32,New Mexico
Tucson,7.5,32.2217429,-110.926479,526116,33,Arizona
Fresno,18.3,36.7468422,-119.7725868,509924,34,California
Sacramento,17.2,38.5815719,-121.4943996,479686,35,California
Long Beach,1.5,33.7700504,-118.1937395,469428,36,California
Kansas City,5.5,39.0997265,-94.5785667,467007,37,Missouri
Mesa,13.5,33.4151843,-111.8314724,457587,38,Arizona
Virginia Beach,5.1,36.8529263,-75.977985,448479,39,Virginia
Atlanta,6.2,33.7489954,-84.3879824,447841,40,Georgia
Colorado Springs,21.4,38.8338816,-104.8213634,439886,41,Colorado
Omaha,5.9,41.2523634,-95.9979883,434353,42,Nebraska
Raleigh,48.7,35.7795897,-78.6381787,431746,43,North Carolina
Miami,14.9,25.7616798,-80.1917902,417650,44,Florida
Oakland,1.3,37.8043637,-122.2711137,406253,45,California
Minneapolis,4.5,44.977753,-93.2650108,400070,46,Minnesota
Tulsa,1.3,36.1539816,-95.992775,398121,47,Oklahoma
Cleveland,-18.1,41.49932,-81.6943605,390113,48,Ohio
Wichita,9.7,37.688889,-97.336111,386552,49,Kansas
Arlington,13.3,32.735687,-97.1080656,379577,50,Texas
New Orleans,-21.6,29.9510658,-90.0715323,378715,51,Louisiana
Bakersfield,48.4,35.3732921,-119.0187125,363630,52,California
Tampa,16.0,27.950575,-82.4571776,352957,53,Florida
Honolulu,-6.2,21.3069444,-157.8583333,347884,54,Hawaii
Aurora,24.4,39.7294319,-104.8319195,345803,55,Colorado
Anaheim,4.7,33.8352932,-117.9145036,345012,56,California
Santa Ana,-1.2,33.7455731,-117.8678338,334227,57,California
St. Louis,-8.2,38.6270025,-90.1994042,318416,58,Missouri
Riverside,22.5,33.9533487,-117.3961564,316619,59,California
Corpus Christi,14.1,27.8005828,-97.396381,316381,60,Texas
Lexington-Fayette,18.0,38.0405837,-84.5037164,308428,61,Kentucky
Pittsburgh,-8.3,40.4406248,-79.9958864,305841,62,Pennsylvania
Anchorage,15.4,61.2180556,-149.9002778,300950,63,Alaska
Stockton,21.8,37.9577016,-121.2907796,298118,64,California
Cincinnati,-10.1,39.1031182,-84.5120196,297517,65,Ohio
St. Paul,2.8,44.9537029,-93.0899578,294873,66,Minnesota
Toledo,-10.0,41.6639383,-83.555212,282313,67,Ohio
Greensboro,22.3,36.0726354,-79.7919754,279639,68,North Carolina
Newark,2.1,40.735657,-74.1723667,278427,69,New Jersey
Plano,22.4,33.0198431,-96.6988856,274409,70,Texas
Henderson,51.0,36.0395247,-114.9817213,270811,71,Nevada
Lincoln,18.0,40.8257625,-96.6851982,268738,72,Nebraska
Buffalo,-11.3,42.8864468,-78.8783689,258959,73,New York
Jersey City,7.2,40.7281575,-74.0776417,257342,74,New Jersey
Chula Vista,46.2,32.6400541,-117.0841955,256780,75,California
Fort Wayne,1.0,41.079273,-85.1393513,256496,76,Indiana
Orlando,31.2,28.5383355,-81.3792365,255483,77,Florida
St. Petersburg,0.3,27.773056,-82.64,249688,78,Florida
Chandler,38.7,33.3061605,-111.8412502,249146,79,Arizona
Laredo,38.2,27.5305671,-99.4803241,248142,80,Texas
Norfolk,5.0,36.8507689,-76.2858726,246139,81,Virginia
Durham,29.9,35.9940329,-78.898619,245475,82,North Carolina
Madison,15.8,43.0730517,-89.4012302,243344,83,Wisconsin
Lubbock,19.6,33.5778631,-101.8551665,239538,84,Texas
Irvine,61.3,33.6839473,-117.7946942,236716,85,California
Winston-Salem,16.9,36.0998596,-80.244216,236441,86,North Carolina
Glendale,5.7,33.5386523,-112.1859866,234632,87,Arizona
Garland,8.5,32.912624,-96.6388833,234566,88,Texas
Hialeah,3.2,25.8575963,-80.2781057,233394,89,Florida
Reno,26.8,39.5296329,-119.8138027,233294,90,Nevada
Chesapeake,15.1,36.7682088,-76.2874927,230571,91,Virginia
Gilbert,96.0,33.3528264,-111.789027,229972,92,Arizona
Baton Rouge,0.4,30.4582829,-91.1403196,229426,93,Louisiana
Irving,19.1,32.8140177,-96.9488945,228653,94,Texas
Scottsdale,11.0,33.4941704,-111.9260519,226918,95,Arizona
North Las Vegas,92.2,36.1988592,-115.1175013,226877,96,Nevada
Fremont,10.0,37.5482697,-121.9885719,224922,97,California
Boise City,9.5,43.6187102,-116.2146068,214237,98,Idaho
Richmond,8.2,37.5407246,-77.4360481,214114,99,Virginia
San Bernardino,13.0,34.1083449,-117.2897652,213708,100,California
Birmingham,-12.3,33.5206608,-86.80249,212113,101,Alabama
Spokane,7.0,47.6587802,-117.4260466,210721,102,Washington
Rochester,-4.1,43.16103,-77.6109219,210358,103,New York
Des Moines,3.9,41.6005448,-93.6091064,207510,104,Iowa
Modesto,7.7,37.6390972,-120.9968782,204933,105,California
Fayetteville,2.4,35.0526641,-78.8783585,204408,106,North Carolina
Tacoma,4.9,47.2528768,-122.4442906,203446,107,Washington
Oxnard,18.2,34.1975048,-119.1770516,203007,108,California
Fontana,38.3,34.0922335,-117.435048,203003,109,California
Columbus,8.7,32.4609764,-84.9877094,202824,110,Georgia
Montgomery,-0.1,32.3668052,-86.2999689,201332,111,Alabama
Moreno Valley,40.4,33.9424658,-117.2296717,201175,112,California
Shreveport,-0.1,32.5251516,-93.7501789,200327,113,Louisiana
Aurora,38.4,41.7605849,-88.3200715,199963,114,Illinois
Yonkers,1.8,40.9312099,-73.8987469,199766,115,New York
Akron,-8.6,41.0814447,-81.5190053,198100,116,Ohio
Huntington Beach,3.9,33.660297,-117.9992265,197575,117,California
Little Rock,7.6,34.7464809,-92.2895948,197357,118,Arkansas
Augusta-Richmond County,1.1,33.4734978,-82.0105148,197350,119,Georgia
Amarillo,12.8,35.2219971,-101.8312969,196429,120,Texas
Glendale,0.3,34.1425078,-118.255075,196021,121,California
Mobile,-1.9,30.6953657,-88.0398912,194899,122,Alabama
Grand Rapids,-2.8,42.9633599,-85.6680863,192294,123,Michigan
Salt Lake City,5.1,40.7607793,-111.8910474,191180,124,Utah
Tallahassee,21.8,30.4382559,-84.2807329,186411,125,Florida
Huntsville,16.3,34.7303688,-86.5861037,186254,126,Alabama
Grand Prairie,43.1,32.7459645,-96.9977846,183372,127,Texas
Knoxville,3.9,35.9606384,-83.9207392,183270,128,Tennessee
Worcester,5.8,42.2625932,-71.8022934,182544,129,Massachusetts
Newport News,0.9,37.0870821,-76.4730122,182020,130,Virginia
Brownsville,26.8,25.9017472,-97.4974838,181860,131,Texas
Overland Park,19.4,38.9822282,-94.6707917,181260,132,Kansas
Santa Clarita,15.3,34.3916641,-118.542586,179590,133,California
Providence,2.3,41.8239891,-71.4128343,177994,134,Rhode Island
Garden Grove,5.8,33.7739053,-117.9414477,175140,135,California
Chattanooga,10.5,35.0456297,-85.3096801,173366,136,Tennessee
Oceanside,6.6,33.1958696,-117.3794834,172794,137,California
Jackson,-6.8,32.2987573,-90.1848103,172638,138,Mississippi
Fort Lauderdale,0.7,26.1224386,-80.1373174,172389,139,Florida
Santa Rosa,15.2,38.440429,-122.7140548,171990,140,California
Rancho Cucamonga,32.7,34.1063989,-117.5931084,171386,141,California
Port St. Lucie,91.7,27.2730492,-80.3582261,171016,142,Florida
Tempe,5.8,33.4255104,-111.9400054,168228,143,Arizona
Ontario,5.5,34.0633443,-117.6508876,167500,144,California
Vancouver,14.2,45.6387281,-122.6614861,167405,145,Washington
Cape Coral,60.4,26.5628537,-81.9495331,165831,146,Florida
Sioux Falls,31.1,43.5445959,-96.7311034,164676,147,South Dakota
Springfield,7.8,37.2089572,-93.2922989,164122,148,Missouri
Peoria,46.5,33.5805955,-112.2373779,162592,149,Arizona
Pembroke Pines,17.4,26.007765,-80.2962555,162329,150,Florida
Elk Grove,97.1,38.4087993,-121.3716178,161007,151,California
Salem,16.4,44.9428975,-123.0350963,160614,152,Oregon
Lancaster,33.8,34.6867846,-118.1541632,159523,153,California
Corona,23.6,33.8752935,-117.5664384,159503,154,California
Eugene,14.4,44.0520691,-123.0867536,159190,155,Oregon
Palmdale,33.7,34.5794343,-118.1164613,157161,156,California
Salinas,8.4,36.6777372,-121.6555013,155662,157,California
Springfield,1.1,42.1014831,-72.589811,153703,158,Massachusetts
Pasadena,7.5,29.6910625,-95.2091006,152735,159,Texas
Fort Collins,26.6,40.5852602,-105.084423,152061,160,Colorado
Hayward,7.5,37.6688205,-122.0807964,151574,161,California
Pomona,2.1,34.055103,-117.7499909,151348,162,California
Cary,55.1,35.79154,-78.7811169,151088,163,North Carolina
Rockford,-1.0,42.2711311,-89.0939952,150251,164,Illinois
Alexandria,15.0,38.8048355,-77.0469214,148892,165,Virginia
Escondido,10.7,33.1192068,-117.086421,148738,166,California
McKinney,165.3,33.1972465,-96.6397822,148559,167,Texas
Kansas City,1.1,39.114053,-94.6274636,148483,168,Kansas
Joliet,36.5,41.525031,-88.0817251,147806,169,Illinois
Sunnyvale,11.9,37.36883,-122.0363496,147559,170,California
Torrance,6.6,33.8358492,-118.3406288,147478,171,California
Bridgeport,5.4,41.1865478,-73.1951767,147216,172,Connecticut
Lakewood,1.9,39.7047095,-105.0813734,147214,173,Colorado
Hollywood,4.8,26.0112014,-80.1494901,146526,174,Florida
Paterson,-2.2,40.9167654,-74.171811,145948,175,New Jersey
Naperville,12.0,41.7508391,-88.1535352,144864,176,Illinois
Syracuse,-0.9,43.0481221,-76.1474244,144669,177,New York
Mesquite,14.7,32.7667955,-96.5991593,143484,178,Texas
Dayton,-13.5,39.7589478,-84.1916069,143355,179,Ohio
Savannah,7.5,32.0835407,-81.0998342,142772,180,Georgia
Clarksville,36.9,36.5297706,-87.3594528,142357,181,Tennessee
Orange,7.7,33.7877944,-117.8531119,139969,182,California
Pasadena,3.8,34.1477849,-118.1445155,139731,183,California
Fullerton,9.8,33.8703596,-117.9242966,138981,184,California
Killeen,52.1,31.1171194,-97.7277959,137147,185,Texas
Frisco,287.7,33.1506744,-96.8236116,136791,186,Texas
Hampton,-6.6,37.0298687,-76.3452218,136699,187,Virginia
McAllen,27.6,26.2034071,-98.2300124,136639,188,Texas
Warren,-2.3,42.5144566,-83.0146526,134873,189,Michigan
Bellevue,19.1,47.610377,-122.2006786,133992,190,Washington
West Valley City,22.2,40.6916132,-112.0010501,133579,191,Utah
Columbia,11.7,34.0007104,-81.0348144,133358,192,South Carolina
Olathe,40.4,38.8813958,-94.8191285,131885,193,Kansas
Sterling Heights,5.2,42.5803122,-83.0302033,131224,194,Michigan
New Haven,5.5,41.308274,-72.9278835,130660,195,Connecticut
Miramar,74.7,25.9860762,-80.3035602,130288,196,Florida
Waco,12.5,31.549333,-97.1466695,129030,197,Texas
Thousand Oaks,9.5,34.1705609,-118.8375937,128731,198,California
Cedar Rapids,5.4,41.9778795,-91.6656232,128429,199,Iowa
Charleston,29.2,32.7764749,-79.9310512,127999,200,South Carolina
Visalia,33.6,36.3302284,-119.2920585,127763,201,California
Topeka,3.4,39.0558235,-95.6890185,127679,202,Kansas
Elizabeth,5.5,40.6639916,-74.2107006,127558,203,New Jersey
Gainesville,12.8,29.6516344,-82.3248262,127488,204,Florida
Thornton,52.9,39.8680412,-104.9719243,127359,205,Colorado
Roseville,56.2,38.7521235,-121.2880059,127035,206,California
Carrollton,14.9,32.9756415,-96.8899636,126700,207,Texas
Coral Springs,5.7,26.271192,-80.2706044,126604,208,Florida
Stamford,7.6,41.0534302,-73.5387341,126456,209,Connecticut
Simi Valley,12.6,34.2694474,-118.781482,126181,210,California
Concord,2.9,37.9779776,-122.0310733,125880,211,California
Hartford,0.6,41.7637111,-72.6850932,125017,212,Connecticut
Kent,54.3,47.3809335,-122.2348431,124435,213,Washington
Lafayette,11.0,30.2240897,-92.0198427,124276,214,Louisiana
Midland,30.4,31.9973456,-102.0779146,123933,215,Texas
Surprise,281.9,33.6292337,-112.3679279,123546,216,Arizona
Denton,47.1,33.2148412,-97.1330683,123099,217,Texas
Victorville,87.6,34.5362184,-117.2927641,121096,218,California
Evansville,-0.8,37.9715592,-87.5710898,120310,219,Indiana
Santa Clara,17.4,37.3541079,-121.9552356,120245,220,California
Abilene,3.6,32.4487364,-99.7331439,120099,221,Texas
Athens-Clarke County,19.0,33.9519347,-83.357567,119980,222,Georgia
Vallejo,1.2,38.1040864,-122.2566367,118837,223,California
Allentown,11.2,40.6084305,-75.4901833,118577,224,Pennsylvania
Norman,22.0,35.2225668,-97.4394777,118197,225,Oklahoma
Beaumont,3.7,30.080174,-94.1265562,117796,226,Texas
Independence,3.2,39.0911161,-94.4155068,117240,227,Missouri
Murfreesboro,65.1,35.8456213,-86.39027,117044,228,Tennessee
Ann Arbor,2.0,42.2808256,-83.7430378,117025,229,Michigan
Springfield,4.2,39.7817213,-89.6501481,117006,230,Illinois
Berkeley,13.3,37.8715926,-122.272747,116768,231,California
Peoria,3.0,40.6936488,-89.5889864,116513,232,Illinois
Provo,10.0,40.2338438,-111.6585337,116288,233,Utah
El Monte,-0.4,34.0686206,-118.0275667,115708,234,California
Columbia,34.0,38.9517053,-92.3340724,115276,235,Missouri
Lansing,-4.4,42.732535,-84.5555347,113972,236,Michigan
Fargo,24.9,46.8771863,-96.7898034,113658,237,North Dakota
Downey,5.3,33.9401088,-118.1331593,113242,238,California
Costa Mesa,2.4,33.6411316,-117.9186689,112174,239,California
Wilmington,24.8,34.2257255,-77.9447102,112067,240,North Carolina
Arvada,9.2,39.8027644,-105.0874842,111707,241,Colorado
Inglewood,-1.0,33.9616801,-118.3531311,111542,242,California
Miami Gardens,10.5,25.9420377,-80.2456045,111378,243,Florida
Carlsbad,39.7,33.1580933,-117.3505939,110972,244,California
Westminster,9.4,39.8366528,-105.0372046,110945,245,Colorado
Rochester,23.9,44.0121221,-92.4801989,110742,246,Minnesota
Odessa,22.3,31.8456816,-102.3676431,110720,247,Texas
Manchester,2.9,42.9956397,-71.4547891,110378,248,New Hampshire
Elgin,16.0,42.0354084,-88.2825668,110145,249,Illinois
West Jordan,38.4,40.6096698,-111.9391031,110077,250,Utah
Round Rock,81.0,30.5082551,-97.678896,109821,251,Texas
Clearwater,0.1,27.9658533,-82.8001026,109703,252,Florida
Waterbury,2.2,41.5581525,-73.0514965,109676,253,Connecticut
Gresham,20.7,45.5001357,-122.4302013,109397,254,Oregon
Fairfield,12.8,38.2493581,-122.0399663,109320,255,California
Billings,18.6,45.7832856,-108.5006904,109059,256,Montana
Lowell,3.4,42.6334247,-71.3161718,108861,257,Massachusetts
San Buenaventura (Ventura),7.4,34.274646,-119.2290316,108817,258,California
Pueblo,5.9,38.2544472,-104.6091409,108249,259,Colorado
High Point,24.3,35.9556923,-80.0053176,107741,260,North Carolina
West Covina,2.3,34.0686208,-117.9389526,107740,261,California
Richmond,7.9,37.9357576,-122.3477486,107571,262,California
Murrieta,107.4,33.5539143,-117.2139232,107479,263,California
Cambridge,5.5,42.3736158,-71.1097335,107289,264,Massachusetts
Antioch,16.9,38.0049214,-121.805789,107100,265,California
Temecula,55.4,33.4936391,-117.1483648,106780,266,California
Norwalk,1.9,33.9022367,-118.081733,106589,267,California
Centennial,3.5,39.5807452,-104.8771726,106114,268,Colorado
Everett,9.4,47.9789848,-122.2020794,105370,269,Washington
Palm Bay,31.7,28.0344621,-80.5886646,104898,270,Florida
Wichita Falls,0.7,33.9137085,-98.4933873,104898,271,Texas
Green Bay,1.9,44.519159,-88.019826,104779,272,Wisconsin
Daly City,1.0,37.6879241,-122.4702079,104739,273,California
Burbank,4.2,34.1808392,-118.3089661,104709,274,California
Richardson,13.2,32.9483335,-96.7298519,104475,275,Texas
Pompano Beach,4.0,26.2378597,-80.1247667,104410,276,Florida
North Charleston,27.4,32.8546197,-79.9748103,104054,277,South Carolina
Broken Arrow,28.2,36.060949,-95.7974526,103500,278,Oklahoma
Boulder,9.0,40.0149856,-105.2705456,103166,279,Colorado
West Palm Beach,23.5,26.7153424,-80.0533746,102436,280,Florida
Santa Maria,30.9,34.9530337,-120.4357191,102216,281,California
El Cajon,7.4,32.7947731,-116.9625269,102211,282,California
Davenport,3.9,41.5236437,-90.5776367,102157,283,Iowa
Rialto,9.8,34.1064001,-117.3703235,101910,284,California
Las Cruces,37.6,32.3199396,-106.7636538,101324,285,New Mexico
San Mateo,9.0,37.5629917,-122.3255254,101128,286,California
Lewisville,28.9,33.046233,-96.994174,101074,287,Texas
South Bend,-6.8,41.6763545,-86.2519898,100886,288,Indiana
Lakeland,18.3,28.0394654,-81.9498042,100710,289,Florida
Erie,-2.8,42.1292241,-80.085059,100671,290,Pennsylvania
Tyler,18.6,32.3512601,-95.3010624,100223,291,Texas
Pearland,117.2,29.5635666,-95.2860474,100065,292,Texas
College Station,45.2,30.627977,-96.3344068,100050,293,Texas
Kenosha,9.5,42.5847425,-87.8211854,99889,294,Wisconsin
Sandy Springs,17.4,33.9304352,-84.3733147,99770,295,Georgia
Clovis,42.6,36.8252277,-119.7029194,99769,296,California
Flint,-20.0,43.0125274,-83.6874562,99763,297,Michigan
Roanoke,3.8,37.2709704,-79.9414266,98465,298,Virginia
Albany,4.1,42.6525793,-73.7562317,98424,299,New York
Jurupa Valley,-1,33.9971974,-117.4854802,98030,300,California
Compton,4.5,33.8958492,-118.2200712,97877,301,California
San Angelo,10.2,31.4637723,-100.4370375,97492,302,Texas
Hillsboro,36.4,45.5228939,-122.989827,97368,303,Oregon
Lawton,4.9,34.6035669,-98.3959291,97151,304,Oklahoma
Renton,88.4,47.4828776,-122.2170661,97003,305,Washington
Vista,7.7,33.2000368,-117.2425355,96929,306,California
Davie,17.7,26.0764783,-80.2521157,96830,307,Florida
Greeley,23.1,40.4233142,-104.7091322,96539,308,Colorado
Mission Viejo,2.9,33.6000232,-117.6719953,96346,309,California
Portsmouth,-4.2,36.8354258,-76.2982742,96205,310,Virginia
Dearborn,-2.0,42.3222599,-83.1763145,95884,311,Michigan
South Gate,-0.8,33.954737,-118.2120161,95677,312,California
Tuscaloosa,21.1,33.2098407,-87.5691735,95334,313,Alabama
Livonia,-5.4,42.36837,-83.3527097,95208,314,Michigan
New Bedford,1.2,41.6362152,-70.934205,95078,315,Massachusetts
Vacaville,5.4,38.3565773,-121.9877444,94275,316,California
Brockton,-0.3,42.0834335,-71.0183787,94089,317,Massachusetts
Roswell,15.2,34.0232431,-84.3615555,94034,318,Georgia
Beaverton,17.0,45.487062,-122.8037102,93542,319,Oregon
Quincy,5.8,42.2528772,-71.0022705,93494,320,Massachusetts
Sparks,39.4,39.5349112,-119.7526886,93282,321,Nevada
Yakima,11.7,46.6020711,-120.5058987,93257,322,Washington
Lee's Summit,31.2,38.9108408,-94.3821724,93184,323,Missouri
Federal Way,8.8,47.3223221,-122.3126222,92734,324,Washington
Carson,2.9,33.8316745,-118.281693,92599,325,California
Santa Monica,9.6,34.0194543,-118.4911912,92472,326,California
Hesperia,46.1,34.4263886,-117.3008784,92147,327,California
Allen,104.0,33.1031744,-96.6705503,92020,328,Texas
Rio Rancho,74.4,35.2327544,-106.6630437,91956,329,New Mexico
Yuma,16.2,32.6926512,-114.6276916,91923,330,Arizona
Westminster,3.9,33.7513419,-117.9939921,91739,331,California
Orem,8.5,40.2968979,-111.6946475,91648,332,Utah
Lynn,2.6,42.466763,-70.9494938,91589,333,Massachusetts
Redding,11.9,40.5865396,-122.3916754,91119,334,California
Spokane Valley,12.6,47.6732281,-117.2393748,91113,335,Washington
Miami Beach,3.3,25.790654,-80.1300455,91026,336,Florida
League City,98.3,29.5074538,-95.0949303,90983,337,Texas
Lawrence,12.7,38.9716689,-95.2352501,90811,338,Kansas
Santa Barbara,0.9,34.4208305,-119.6981901,90412,339,California
Plantation,8.6,26.1275862,-80.2331036,90268,340,Florida
Sandy,1.3,40.5649781,-111.8389726,90231,341,Utah
Sunrise,4.6,26.1669711,-80.256595,90116,342,Florida
Macon,-7.3,32.8406946,-83.6324022,89981,343,Georgia
Longmont,24.4,40.1672068,-105.1019275,89919,344,Colorado
Boca Raton,7.5,26.3683064,-80.1289321,89407,345,Florida
San Marcos,60.0,33.1433723,-117.1661449,89387,346,California
Greenville,41.9,35.612661,-77.3663538,89130,347,North Carolina
Waukegan,0.5,42.3636331,-87.8447938,88826,348,Illinois
Fall River,-3.7,41.7014912,-71.1550451,88697,349,Massachusetts
Chico,14.2,39.7284944,-121.8374777,88077,350,California
Newton,4.9,42.3370413,-71.2092214,87971,351,Massachusetts
San Leandro,10.3,37.7249296,-122.1560768,87965,352,California
Reading,8.0,40.3356483,-75.9268747,87893,353,Pennsylvania
Norwalk,5.6,41.117744,-73.4081575,87776,354,Connecticut
Fort Smith,8.6,35.3859242,-94.3985475,87650,355,Arkansas
Newport Beach,10.4,33.6189101,-117.9289469,87273,356,California
Asheville,19.6,35.5950581,-82.5514869,87236,357,North Carolina
Nashua,0.4,42.7653662,-71.467566,87137,358,New Hampshire
Edmond,26.9,35.6528323,-97.4780954,87004,359,Oklahoma
Whittier,3.3,33.9791793,-118.032844,86635,360,California
Nampa,57.9,43.5407172,-116.5634624,86518,361,Idaho
Bloomington,1.3,44.840798,-93.2982799,86319,362,Minnesota
Deltona,23.1,28.9005446,-81.2636738,86290,363,Florida
Hawthorne,2.3,33.9164032,-118.3525748,86199,364,California
Duluth,-0.1,46.7866719,-92.1004852,86128,365,Minnesota
Carmel,60.4,39.978371,-86.1180435,85927,366,Indiana
Suffolk,33.5,36.7282054,-76.5835621,85728,367,Virginia
Clifton,7.9,40.8584328,-74.1637553,85390,368,New Jersey
Citrus Heights,-0.1,38.7071247,-121.2810611,85285,369,California
Livermore,15.1,37.6818745,-121.7680088,85156,370,California
Tracy,45.9,37.7396513,-121.4252227,84691,371,California
Alhambra,-0.7,34.095287,-118.1270146,84577,372,California
Kirkland,87.5,47.6814875,-122.2087353,84430,373,Washington
Trenton,-1.2,40.2170534,-74.7429384,84349,374,New Jersey
Ogden,8.6,41.223,-111.9738304,84249,375,Utah
Hoover,32.7,33.4053867,-86.8113781,84126,376,Alabama
Cicero,-1.6,41.8455877,-87.7539448,84103,377,Illinois
Fishers,114.8,39.9567548,-86.01335,83891,378,Indiana
Sugar Land,29.1,29.6196787,-95.6349463,83860,379,Texas
Danbury,11.4,41.394817,-73.4540111,83684,380,Connecticut
Meridian,127.6,43.6121087,-116.3915131,83596,381,Idaho
Indio,66.0,33.7205771,-116.2155619,83539,382,California
Concord,47.4,35.4087517,-80.579511,83506,383,North Carolina
Menifee,95.0,33.6971468,-117.185294,83447,384,California
Champaign,18.3,40.1164204,-88.2433829,83424,385,Illinois
Buena Park,6.1,33.8675143,-117.9981181,82882,386,California
Troy,2.2,42.6064095,-83.1497751,82821,387,Michigan
O'Fallon,62.6,38.8106075,-90.6998477,82809,388,Missouri
Johns Creek,36.5,34.0289259,-84.198579,82788,389,Georgia
Bellingham,21.8,48.74908,-122.4781473,82631,390,Washington
Westland,-4.7,42.324204,-83.400211,82578,391,Michigan
Bloomington,16.1,39.165325,-86.5263857,82575,392,Indiana
Sioux City,-2.9,42.4999942,-96.4003069,82459,393,Iowa
Warwick,-4.6,41.7001009,-71.4161671,81971,394,Rhode Island
Hemet,37.6,33.7475203,-116.9719684,81750,395,California
Longview,11.6,32.5007037,-94.7404891,81443,396,Texas
Farmington Hills,-0.9,42.4989936,-83.3677168,81295,397,Michigan
Bend,54.3,44.0581728,-121.3153096,81236,398,Oregon
Lakewood,2.1,33.8536269,-118.1339563,81121,399,California
Merced,25.4,37.3021632,-120.4829677,81102,400,California
Mission,74.5,26.2159066,-98.3252932,81050,401,Texas
Chino,15.6,34.0122346,-117.688944,80988,402,California
Redwood City,7.1,37.4852152,-122.2363548,80872,403,California
Edinburg,65.1,26.3017374,-98.1633432,80836,404,Texas
Cranston,1.4,41.7798226,-71.4372796,80566,405,Rhode Island
Parma,-5.9,41.4047742,-81.7229086,80429,406,Ohio
New Rochelle,9.9,40.9114882,-73.7823549,79446,407,New York
Lake Forest,4.2,33.6469661,-117.689218,79312,408,California
Napa,8.4,38.2975381,-122.286865,79068,409,California
Hammond,-4.6,41.5833688,-87.5000412,78967,410,Indiana
Fayetteville,32.9,36.0625795,-94.1574263,78960,411,Arkansas
Bloomington,20.1,40.4842027,-88.9936873,78902,412,Illinois
Avondale,111.5,33.4355977,-112.3496021,78822,413,Arizona
Somerville,1.6,42.3875968,-71.0994968,78804,414,Massachusetts
Palm Coast,137.2,29.5844524,-81.2078699,78740,415,Florida
Bryan,19.3,30.6743643,-96.3699632,78709,416,Texas
Gary,-23.4,41.5933696,-87.3464271,78450,417,Indiana
Largo,5.1,27.9094665,-82.7873244,78409,418,Florida
Brooklyn Park,16.0,45.0941315,-93.3563405,78373,419,Minnesota
Tustin,15.6,33.7458511,-117.826166,78327,420,California
Racine,-4.4,42.7261309,-87.7828523,78199,421,Wisconsin
Deerfield Beach,4.8,26.3184123,-80.0997657,78041,422,Florida
Lynchburg,19.5,37.4137536,-79.1422464,78014,423,Virginia
Mountain View,10.1,37.3860517,-122.0838511,77846,424,California
Medford,17.1,42.3265152,-122.8755949,77677,425,Oregon
Lawrence,7.5,42.7070354,-71.1631137,77657,426,Massachusetts
Bellflower,6.3,33.8816818,-118.1170117,77593,427,California
Melbourne,5.9,28.0836269,-80.6081089,77508,428,Florida
St. Joseph,4.1,39.7674578,-94.846681,77147,429,Missouri
Camden,-3.6,39.9259463,-75.1196199,76903,430,New Jersey
St. George,53.1,37.0965278,-113.5684164,76817,431,Utah
Kennewick,29.1,46.2112458,-119.1372338,76762,432,Washington
Baldwin Park,0.8,34.0852868,-117.9608978,76635,433,California
Chino Hills,13.6,33.9898188,-117.7325848,76572,434,California
Alameda,5.4,37.7652065,-122.2416355,76419,435,California
Albany,-0.6,31.5785074,-84.155741,76185,436,Georgia
Arlington Heights,-0.6,42.0883603,-87.9806265,75994,437,Illinois
Scranton,0.0,41.408969,-75.6624122,75806,438,Pennsylvania
Evanston,1.9,42.0450722,-87.6876969,75570,439,Illinois
Kalamazoo,-1.9,42.2917069,-85.5872286,75548,440,Michigan
Baytown,13.1,29.7355047,-94.9774274,75418,441,Texas
Upland,9.5,34.09751,-117.6483876,75413,442,California
Springdale,57.1,36.1867442,-94.1288141,75229,443,Arkansas
Bethlehem,5.2,40.6259316,-75.3704579,75018,444,Pennsylvania
Schaumburg,-0.5,42.0333607,-88.0834059,74907,445,Illinois
Mount Pleasant,53.2,32.8323225,-79.8284258,74885,446,South Carolina
Auburn,34.9,47.3073228,-122.2284532,74860,447,Washington
Decatur,-8.7,39.8403147,-88.9548001,74710,448,Illinois
San Ramon,65.8,37.7799273,-121.9780153,74513,449,California
Pleasanton,15.2,37.6624312,-121.8746789,74110,450,California
Wyoming,6.5,42.9133602,-85.7053085,74100,451,Michigan
Lake Charles,3.0,30.2265949,-93.2173758,74024,452,Louisiana
Plymouth,12.0,45.0105194,-93.4555093,73987,453,Minnesota
Bolingbrook,29.7,41.6986416,-88.0683955,73936,454,Illinois
Pharr,55.7,26.1947962,-98.1836216,73790,455,Texas
Appleton,4.5,44.2619309,-88.4153847,73596,456,Wisconsin
Gastonia,8.2,35.262082,-81.1873005,73209,457,North Carolina
Folsom,38.6,38.6779591,-121.1760583,73098,458,California
Southfield,-6.7,42.4733688,-83.2218731,73006,459,Michigan
Rochester Hills,5.7,42.6583661,-83.1499322,72952,460,Michigan
New Britain,1.9,41.6612104,-72.7795419,72939,461,Connecticut
Goodyear,271.0,33.4353394,-112.3576567,72864,462,Arizona
Canton,-10.3,40.7989473,-81.378447,72535,463,Ohio
Warner Robins,45.7,32.6130007,-83.624201,72531,464,Georgia
Union City,7.4,37.5933918,-122.0438298,72528,465,California
Perris,98.7,33.7825194,-117.2286478,72326,466,California
Manteca,42.7,37.7974273,-121.2160526,71948,467,California
Iowa City,13.8,41.6611277,-91.5301683,71591,468,Iowa
Jonesboro,28.3,35.8422967,-90.704279,71551,469,Arkansas
Wilmington,-1.6,39.7390721,-75.5397878,71525,470,Delaware
Lynwood,2.0,33.930293,-118.2114603,71371,471,California
Loveland,37.4,40.3977612,-105.0749801,71334,472,Colorado
Pawtucket,-2.5,41.878711,-71.3825558,71172,473,Rhode Island
Boynton Beach,17.3,26.5317866,-80.0905465,71097,474,Florida
Waukesha,8.0,43.0116784,-88.2314813,71016,475,Wisconsin
Gulfport,-0.6,30.3674198,-89.0928155,71012,476,Mississippi
Apple Valley,29.9,34.5008311,-117.1858759,70924,477,California
Passaic,4.3,40.8567662,-74.1284764,70868,478,New Jersey
Rapid City,17.9,44.0805434,-103.2310149,70812,479,South Dakota
Layton,20.2,41.0602216,-111.9710529,70790,480,Utah
Lafayette,14.5,40.4167022,-86.8752869,70373,481,Indiana
Turlock,23.5,37.4946568,-120.8465941,70365,482,California
Muncie,-0.7,40.1933767,-85.3863599,70316,483,Indiana
Temple,27.1,31.0982344,-97.342782,70190,484,Texas
Missouri City,31.1,29.6185669,-95.5377215,70185,485,Texas
Redlands,9.4,34.0555693,-117.1825381,69999,486,California
Santa Fe,10.5,35.6869752,-105.937799,69976,487,New Mexico
Lauderhill,4.2,26.1403635,-80.2133808,69813,488,Florida
Milpitas,11.0,37.4323341,-121.8995741,69783,489,California
Palatine,4.5,42.1103041,-88.03424,69350,490,Illinois
Missoula,19.7,46.8787176,-113.996586,69122,491,Montana
Rock Hill,36.0,34.9248667,-81.0250784,69103,492,South Carolina
Jacksonville,5.0,34.7540524,-77.4302414,69079,493,North Carolina
Franklin,48.5,35.9250637,-86.8688899,68886,494,Tennessee
Flagstaff,29.3,35.1982836,-111.651302,68667,495,Arizona
Flower Mound,32.5,33.0145673,-97.0969552,68609,496,Texas
Weston,34.5,26.1003654,-80.3997748,68388,497,Florida
Waterloo,-0.5,42.492786,-92.3425775,68366,498,Iowa
Union City,1.7,40.6975898,-74.2631635,68247,499,New Jersey
Mount Vernon,-0.2,40.9125992,-73.8370786,68224,500,New York
Fort Myers,31.2,26.640628,-81.8723084,68190,501,Florida
Dothan,16.6,31.2232313,-85.3904888,68001,502,Alabama
Rancho Cordova,26.4,38.5890723,-121.302728,67911,503,California
Redondo Beach,6.7,33.8491816,-118.3884078,67815,504,California
Jackson,12.9,35.6145169,-88.8139469,67685,505,Tennessee
Pasco,98.5,46.2395793,-119.1005657,67599,506,Washington
St. Charles,11.3,38.7881062,-90.4974359,67569,507,Missouri
Eau Claire,8.7,44.811349,-91.4984941,67545,508,Wisconsin
North Richland Hills,20.2,32.8342952,-97.2289029,67317,509,Texas
Bismarck,20.1,46.8083268,-100.7837392,67034,510,North Dakota
Yorba Linda,13.4,33.8886259,-117.8131125,67032,511,California
Kenner,-4.8,29.9940924,-90.2417434,66975,512,Louisiana
Walnut Creek,3.5,37.9100783,-122.0651819,66900,513,California
Frederick,25.9,39.4142688,-77.4105409,66893,514,Maryland
Oshkosh,5.3,44.0247062,-88.5426136,66778,515,Wisconsin
Pittsburg,16.6,38.0279762,-121.8846806,66695,516,California
Palo Alto,13.7,37.4418834,-122.1430195,66642,517,California
Bossier City,17.4,32.5159852,-93.7321228,66333,518,Louisiana
Portland,3.2,43.661471,-70.2553259,66318,519,Maine
St. Cloud,10.9,45.5579451,-94.1632404,66297,520,Minnesota
Davis,11.9,38.5449065,-121.7405167,66205,521,California
South San Francisco,9.1,37.654656,-122.4077498,66174,522,California
Camarillo,14.9,34.2163937,-119.0376023,66086,523,California
North Little Rock,9.0,34.769536,-92.2670941,66075,524,Arkansas
Schenectady,6.7,42.8142432,-73.9395687,65902,525,New York
Gaithersburg,24.2,39.1434406,-77.2013705,65690,526,Maryland
Harlingen,11.6,26.1906306,-97.6961026,65665,527,Texas
Woodbury,39.8,44.9238552,-92.9593797,65656,528,Minnesota
Eagan,2.6,44.8041322,-93.1668858,65453,529,Minnesota
Yuba City,27.9,39.1404477,-121.6169108,65416,530,California
Maple Grove,27.3,45.0724642,-93.4557877,65415,531,Minnesota
Youngstown,-20.2,41.0997803,-80.6495194,65184,532,Ohio
Skokie,2.8,42.0324025,-87.7416246,65176,533,Illinois
Kissimmee,32.6,28.2919557,-81.407571,65173,534,Florida
Johnson City,16.2,36.3134397,-82.3534727,65123,535,Tennessee
Victoria,7.5,28.8052674,-97.0035982,65098,536,Texas
San Clemente,28.6,33.4269728,-117.6119925,65040,537,California
Bayonne,5.1,40.6687141,-74.1143091,65028,538,New Jersey
Laguna Niguel,2.8,33.5225261,-117.7075526,64652,539,California
East Orange,-7.4,40.767323,-74.2048677,64544,540,New Jersey
Shawnee,32.2,39.0228485,-94.7151865,64323,541,Kansas
Homestead,100.7,25.4687224,-80.4775569,64079,542,Florida
Rockville,34.0,39.0839973,-77.1527578,64072,544,Maryland
Delray Beach,6.1,26.4614625,-80.0728201,64072,543,Florida
Janesville,5.6,42.6827885,-89.0187222,63820,545,Wisconsin
Conway,46.1,35.0886963,-92.4421011,63816,546,Arkansas
Pico Rivera,0.4,33.9830688,-118.096735,63771,547,California
Lorain,-7.2,41.452819,-82.1823746,63710,548,Ohio
Montebello,2.0,34.0165053,-118.1137535,63495,549,California
Lodi,10.1,38.1341477,-121.2722194,63338,550,California
New Braunfels,64.0,29.7030024,-98.1244531,63279,551,Texas
Marysville,115.7,48.0517637,-122.1770818,63269,552,Washington
Tamarac,12.9,26.2128609,-80.2497707,63155,553,Florida
Madera,44.4,36.9613356,-120.0607176,63105,554,California
Conroe,61.9,30.3118769,-95.4560512,63032,555,Texas
Santa Cruz,12.5,36.9741171,-122.0307963,62864,556,California
Eden Prairie,13.3,44.8546856,-93.470786,62603,557,Minnesota
Cheyenne,16.9,41.1399814,-104.8202462,62448,558,Wyoming
Daytona Beach,-2.3,29.2108147,-81.0228331,62316,559,Florida
Alpharetta,33.6,34.0753762,-84.2940899,62298,560,Georgia
Hamilton,2.7,39.3995008,-84.5613355,62258,561,Ohio
Waltham,5.0,42.3764852,-71.2356113,62227,562,Massachusetts
Coon Rapids,0.6,45.1732394,-93.3030063,62103,563,Minnesota
Haverhill,5.0,42.7762015,-71.0772796,62088,564,Massachusetts
Council Bluffs,6.2,41.2619444,-95.8608333,61969,565,Iowa
Taylor,-6.3,42.240872,-83.2696509,61817,566,Michigan
Utica,2.2,43.100903,-75.232664,61808,567,New York
Ames,21.3,42.034722,-93.62,61792,568,Iowa
La Habra,3.6,33.9319578,-117.9461734,61653,569,California
Encinitas,5.8,33.0369867,-117.2919818,61588,570,California
Bowling Green,24.1,36.9685219,-86.4808043,61488,571,Kentucky
Burnsville,1.9,44.7677424,-93.2777226,61434,572,Minnesota
Greenville,8.2,34.8526176,-82.3940104,61397,573,South Carolina
West Des Moines,29.8,41.5772115,-93.711332,61255,574,Iowa
Cedar Park,134.3,30.505198,-97.8202888,61238,575,Texas
Tulare,33.3,36.2077288,-119.3473379,61170,576,California
Monterey Park,1.5,34.0625106,-118.1228476,61085,577,California
Vineland,9.3,39.4863773,-75.0259637,61050,578,New Jersey
Terre Haute,2.5,39.4667034,-87.4139092,61025,579,Indiana
North Miami,2.0,25.8900949,-80.1867138,61007,580,Florida
Mansfield,114.2,32.5631924,-97.1416768,60872,581,Texas
West Allis,-0.6,43.0166806,-88.0070315,60697,582,Wisconsin
Bristol,0.4,41.6717648,-72.9492703,60568,583,Connecticut
Taylorsville,2.9,40.6677248,-111.9388258,60519,584,Utah
Malden,7.4,42.4250964,-71.066163,60509,585,Massachusetts
Meriden,3.7,41.5381535,-72.8070435,60456,586,Connecticut
Blaine,32.8,45.1607987,-93.2349489,60407,587,Minnesota
Wellington,55.0,26.6617635,-80.2683571,60202,588,Florida
Cupertino,14.3,37.3229978,-122.0321823,60189,589,California
Springfield,12.4,44.0462362,-123.0220289,60177,590,Oregon
Rogers,50.6,36.3320196,-94.1185366,60112,591,Arkansas
St. Clair Shores,-4.6,42.4974085,-82.8963604,60070,592,Michigan
Gardena,3.4,33.8883487,-118.3089624,59957,593,California
Pontiac,-11.4,42.6389216,-83.2910468,59887,594,Michigan
National City,10.1,32.6781085,-117.0991967,59834,595,California
Grand Junction,30.9,39.0638705,-108.5506486,59778,596,Colorado
Rocklin,60.3,38.7907339,-121.2357828,59738,597,California
Chapel Hill,24.1,35.9131996,-79.0558445,59635,598,North Carolina
Casper,19.9,42.866632,-106.313081,59628,599,Wyoming
Broomfield,50.3,39.9205411,-105.0866504,59471,600,Colorado
Petaluma,8.4,38.232417,-122.6366524,59440,601,California
South Jordan,100.1,40.5621704,-111.929658,59366,602,Utah
Springfield,-9.8,39.9242266,-83.8088171,59357,603,Ohio
Great Falls,3.9,47.4941836,-111.2833449,59351,604,Montana
Lancaster,4.5,40.0378755,-76.3055144,59325,605,Pennsylvania
North Port,154.6,27.044224,-82.2359254,59212,606,Florida
Lakewood,1.1,47.1717649,-122.518458,59097,607,Washington
Marietta,-3.8,33.952602,-84.5499327,59089,608,Georgia
San Rafael,5.0,37.9735346,-122.5310874,58994,609,California
Royal Oak,-1.7,42.4894801,-83.1446485,58946,610,Michigan
Des Plaines,3.2,42.0333623,-87.8833991,58918,611,Illinois
Huntington Park,-4.1,33.9816812,-118.2250725,58879,612,California
La Mesa,6.9,32.7678287,-117.0230839,58642,613,California
Orland Park,13.9,41.6303103,-87.8539425,58590,614,Illinois
Auburn,26.4,32.6098566,-85.4807825,58582,615,Alabama
Lakeville,34.3,44.6496868,-93.24272,58562,616,Minnesota
Owensboro,7.7,37.7719074,-87.1111676,58416,617,Kentucky
Moore,41.5,35.3395079,-97.4867028,58414,618,Oklahoma
Jupiter,46.2,26.9342246,-80.0942087,58298,619,Florida
Idaho Falls,14.0,43.4916514,-112.0339645,58292,620,Idaho
Dubuque,0.9,42.5005583,-90.6645718,58253,621,Iowa
Bartlett,31.7,35.2045328,-89.8739753,58226,622,Tennessee
Rowlett,28.6,32.9029017,-96.56388,58043,623,Texas
Novi,22.0,42.48059,-83.4754913,57960,624,Michigan
White Plains,8.5,41.0339862,-73.7629097,57866,625,New York
Arcadia,8.3,34.1397292,-118.0353449,57639,626,California
Redmond,26.0,47.6739881,-122.121512,57530,627,Washington
Lake Elsinore,96.5,33.6680772,-117.3272615,57525,628,California
Ocala,20.8,29.1871986,-82.1400923,57468,629,Florida
Tinley Park,16.3,41.5731442,-87.7932939,57282,630,Illinois
Port Orange,22.8,29.1383165,-80.9956105,57203,631,Florida
Medford,2.7,42.4184296,-71.1061639,57170,632,Massachusetts
Oak Lawn,3.3,41.719978,-87.7479528,57073,633,Illinois
Rocky Mount,-3.1,35.9382103,-77.7905339,56954,634,North Carolina
Kokomo,21.3,40.486427,-86.1336033,56895,635,Indiana
Coconut Creek,28.4,26.2517482,-80.1789351,56792,636,Florida
Bowie,8.6,39.0067768,-76.7791365,56759,637,Maryland
Berwyn,5.1,41.8505874,-87.7936685,56758,638,Illinois
Midwest City,4.5,35.4495065,-97.3967019,56756,639,Oklahoma
Fountain Valley,3.0,33.7091847,-117.9536697,56707,640,California
Buckeye,480.9,33.3703197,-112.5837766,56683,641,Arizona
Dearborn Heights,-3.0,42.3369816,-83.2732627,56620,642,Michigan
Woodland,13.8,38.6785157,-121.7732971,56590,643,California
Noblesville,88.1,40.0455917,-86.0085955,56540,644,Indiana
Valdosta,22.3,30.8327022,-83.2784851,56481,645,Georgia
Diamond Bar,0.1,34.0286226,-117.8103367,56449,646,California
Manhattan,22.8,39.1836082,-96.5716694,56143,647,Kansas
Santee,5.7,32.8383828,-116.9739167,56105,648,California
Taunton,0.0,41.900101,-71.0897674,56069,649,Massachusetts
Sanford,42.8,28.8028612,-81.269453,56002,650,Florida
Kettering,-3.1,39.6895036,-84.1688274,55870,651,Ohio
New Brunswick,15.5,40.4862157,-74.4518188,55831,652,New Jersey
Decatur,3.1,34.6059253,-86.9833417,55816,653,Alabama
Chicopee,1.7,42.1487043,-72.6078672,55717,654,Massachusetts
Anderson,-6.6,40.1053196,-85.6802541,55670,655,Indiana
Margate,2.7,26.2445263,-80.206436,55456,656,Florida
Weymouth Town,-1,42.2180724,-70.9410356,55419,657,Massachusetts
Hempstead,4.0,40.7062128,-73.6187397,55361,658,New York
Corvallis,11.8,44.5645659,-123.2620435,55298,659,Oregon
Eastvale,-1,33.952463,-117.5848025,55191,660,California
Porterville,20.1,36.06523,-119.0167679,55174,661,California
West Haven,5.1,41.2705484,-72.9469711,55046,662,Connecticut
Brentwood,122.3,37.931868,-121.6957863,55000,663,California
Paramount,-0.7,33.8894598,-118.1597911,54980,664,California
Grand Forks,11.5,47.9252568,-97.0328547,54932,665,North Dakota
Georgetown,91.9,30.6332618,-97.6779842,54898,666,Texas
St. Peters,6.5,38.7874699,-90.6298922,54842,667,Missouri
Shoreline,2.9,47.7556531,-122.3415178,54790,668,Washington
Mount Prospect,-2.5,42.0664167,-87.9372908,54771,669,Illinois
Hanford,30.3,36.3274502,-119.6456844,54686,670,California
Normal,19.7,40.5142026,-88.9906312,54664,671,Illinois
Rosemead,1.7,34.0805651,-118.072846,54561,672,California
Lehi,176.3,40.3916172,-111.8507662,54382,673,Utah
Pocatello,5.4,42.8713032,-112.4455344,54350,674,Idaho
Highland,21.0,34.1283442,-117.2086513,54291,675,California
Novato,13.3,38.1074198,-122.5697032,54194,676,California
Port Arthur,-6.0,29.8849504,-93.939947,54135,677,Texas
Carson City,2.9,39.1637984,-119.7674034,54080,678,Nevada
San Marcos,48.5,29.8832749,-97.9413941,54076,679,Texas
Hendersonville,31.7,36.3047735,-86.6199957,54068,680,Tennessee
Elyria,-3.7,41.3683798,-82.1076486,53956,681,Ohio
Revere,13.4,42.4084302,-71.0119948,53756,682,Massachusetts
Pflugerville,123.4,30.4393696,-97.6200043,53752,683,Texas
Greenwood,46.0,39.6136578,-86.1066526,53665,684,Indiana
Bellevue,20.5,41.1543623,-95.9145568,53663,685,Nebraska
Wheaton,-3.4,41.8661403,-88.1070127,53648,686,Illinois
Smyrna,20.0,33.8839926,-84.5143761,53438,687,Georgia
Sarasota,1.4,27.3364347,-82.5306527,53326,688,Florida
Blue Springs,9.9,39.0169509,-94.2816148,53294,689,Missouri
Colton,10.8,34.0739016,-117.3136547,53243,690,California
Euless,15.1,32.8370727,-97.0819541,53224,691,Texas
Castle Rock,153.5,39.3722121,-104.8560902,53063,692,Colorado
Cathedral City,23.2,33.7805388,-116.4668036,52977,693,California
Kingsport,16.7,36.548434,-82.5618186,52962,694,Tennessee
Lake Havasu City,24.6,34.483901,-114.3224548,52844,695,Arizona
Pensacola,-6.0,30.421309,-87.2169149,52703,696,Florida
Hoboken,35.8,40.7439905,-74.0323626,52575,697,New Jersey
Yucaipa,26.8,34.033625,-117.0430865,52536,698,California
Watsonville,12.7,36.910231,-121.7568946,52477,699,California
Richland,34.6,46.2856907,-119.2844621,52413,700,Washington
Delano,31.8,35.7688425,-119.2470536,52403,701,California
Hoffman Estates,5.4,42.0629915,-88.1227199,52398,702,Illinois
Florissant,-2.8,38.789217,-90.322614,52363,703,Missouri
Placentia,11.8,33.8722371,-117.8703363,52206,704,California
West New York,13.3,40.7878788,-74.0143064,52122,705,New Jersey
Dublin,70.0,37.7021521,-121.9357918,52105,706,California
Oak Park,-0.8,41.8850317,-87.7845025,52066,707,Illinois
Peabody,7.5,42.5278731,-70.9286609,52044,708,Massachusetts
Perth Amboy,9.7,40.5067723,-74.2654234,51982,709,New Jersey
Battle Creek,-2.8,42.3211522,-85.1797142,51848,710,Michigan
Bradenton,3.4,27.4989278,-82.5748194,51763,711,Florida
Gilroy,23.9,37.0057816,-121.5682751,51701,712,California
Milford,1.8,41.2306979,-73.064036,51644,713,Connecticut
Albany,25.5,44.6365107,-123.1059282,51583,714,Oregon
Ankeny,86.9,41.7317884,-93.6001278,51567,715,Iowa
La Crosse,-0.8,43.8013556,-91.2395807,51522,716,Wisconsin
Burlington,12.1,36.0956918,-79.4377991,51510,717,North Carolina
DeSoto,36.0,32.5896998,-96.8570738,51483,718,Texas
Harrisonburg,27.1,38.4495688,-78.8689155,51395,719,Virginia
Minnetonka,0.4,44.9211836,-93.4687489,51368,720,Minnesota
Elkhart,-2.5,41.6819935,-85.9766671,51265,721,Indiana
Lakewood,-9.4,41.4819932,-81.7981908,51143,722,Ohio
Glendora,3.1,34.1361187,-117.865339,51074,723,California
Southaven,72.8,34.9889818,-90.0125913,50997,724,Mississippi
Charleston,-4.7,38.3498195,-81.6326234,50821,725,West Virginia
Joplin,11.2,37.0842271,-94.513281,50789,726,Missouri
Enid,8.1,36.3955891,-97.8783911,50725,727,Oklahoma
Palm Beach Gardens,39.6,26.8233946,-80.1386547,50699,728,Florida
Brookhaven,-1,33.8651033,-84.3365917,50603,729,Georgia
Plainfield,5.7,40.6337136,-74.4073736,50588,730,New Jersey
Grand Island,16.0,40.9263957,-98.3420118,50550,731,Nebraska
Palm Desert,13.2,33.7222445,-116.3744556,50508,732,California
Huntersville,92.9,35.410694,-80.8428504,50458,733,North Carolina
Tigard,17.8,45.4312294,-122.7714861,50444,734,Oregon
Lenexa,24.6,38.9536174,-94.7335709,50344,735,Kansas
Saginaw,-18.2,43.4194699,-83.9508068,50303,736,Michigan
Kentwood,10.5,42.8694731,-85.6447492,50233,737,Michigan
Doral,137.6,25.8195424,-80.3553302,50213,738,Florida
Apple Valley,9.2,44.7319094,-93.21772,50201,739,Minnesota
Grapevine,17.6,32.9342919,-97.0780654,50195,740,Texas
Aliso Viejo,25.4,33.5676842,-117.7256083,50175,741,California
Sammamish,44.1,47.6162683,-122.0355736,50169,742,Washington
Casa Grande,86.0,32.8795022,-111.7573521,50111,743,Arizona
Pinellas Park,5.9,27.8428025,-82.6995443,49998,744,Florida
Troy,1.5,42.7284117,-73.6917851,49974,745,New York
West Sacramento,55.6,38.5804609,-121.530234,49891,746,California
Burien,56.7,47.4703767,-122.3467918,49858,747,Washington
Commerce City,135.4,39.8083196,-104.9338675,49799,748,Colorado
Monroe,-6.1,32.5093109,-92.1193012,49761,749,Louisiana
Cerritos,-3.6,33.8583483,-118.0647871,49707,750,California
Downers Grove,0.0,41.8089191,-88.0111746,49670,751,Illinois
Coral Gables,16.1,25.72149,-80.2683838,49631,752,Florida
Wilson,10.1,35.7212689,-77.9155395,49628,753,North Carolina
Niagara Falls,-10.8,43.0962143,-79.0377388,49468,754,New York
Poway,2.4,32.9628232,-117.0358646,49417,755,California
Edina,4.1,44.8896866,-93.3499489,49376,756,Minnesota
Cuyahoga Falls,-0.2,41.1339449,-81.4845585,49267,757,Ohio
Rancho Santa Margarita,4.6,33.640855,-117.603104,49228,758,California
Harrisburg,0.6,40.2731911,-76.8867008,49188,759,Pennsylvania
Huntington,-5.0,38.4192496,-82.445154,49177,760,West Virginia
La Mirada,4.6,33.9172357,-118.0120086,49133,761,California
Cypress,5.3,33.8169599,-118.0372852,49087,762,California
Caldwell,77.1,43.6629384,-116.6873596,48957,763,Idaho
Logan,14.5,41.7369803,-111.8338359,48913,764,Utah
Galveston,-15.2,29.3013479,-94.7976958,48733,765,Texas
Sheboygan,-3.9,43.7508284,-87.71453,48725,766,Wisconsin
Middletown,-5.7,39.5150576,-84.3982763,48630,767,Ohio
Murray,6.6,40.6668916,-111.8879909,48612,768,Utah
Roswell,7.5,33.3942655,-104.5230242,48611,769,New Mexico
Parker,96.4,39.5186002,-104.7613633,48608,770,Colorado
Bedford,2.9,32.844017,-97.1430671,48592,771,Texas
East Lansing,4.2,42.7369792,-84.4838654,48554,772,Michigan
Methuen,10.3,42.7262016,-71.1908924,48514,773,Massachusetts
Covina,3.3,34.0900091,-117.8903397,48508,774,California
Alexandria,4.1,31.3112936,-92.4451371,48426,775,Louisiana
Olympia,12.1,47.0378741,-122.9006951,48338,776,Washington
Euclid,-8.4,41.5931049,-81.5267873,48139,777,Ohio
Mishawaka,2.0,41.6619927,-86.1586156,47989,778,Indiana
Salina,4.5,38.8402805,-97.6114237,47846,779,Kansas
Azusa,6.7,34.1336186,-117.9075627,47842,780,California
Newark,3.1,40.0581205,-82.4012642,47777,781,Ohio
Chesterfield,1.9,38.6631083,-90.5770675,47749,782,Missouri
Leesburg,66.0,39.1156615,-77.5636015,47673,783,Virginia
Dunwoody,-1,33.9462125,-84.3346473,47591,784,Georgia
Hattiesburg,3.1,31.3271189,-89.2903392,47556,785,Mississippi
Roseville,-1.0,42.4972583,-82.9371409,47555,786,Michigan
Bonita Springs,43.8,26.339806,-81.7786972,47547,787,Florida
Portage,5.7,42.2011538,-85.5800022,47523,788,Michigan
St. Louis Park,7.3,44.9597376,-93.3702186,47411,789,Minnesota
Collierville,43.4,35.042036,-89.6645266,47333,790,Tennessee
Middletown,3.6,41.5623209,-72.6506488,47333,791,Connecticut
Stillwater,20.1,36.1156071,-97.0583681,47186,792,Oklahoma
East Providence,-3.3,41.8137116,-71.3700545,47149,793,Rhode Island
Lawrence,20.5,39.8386516,-86.0252612,47135,794,Indiana
Wauwatosa,0.0,43.0494572,-88.0075875,47134,795,Wisconsin
Mentor,-6.6,41.6661573,-81.339552,46979,796,Ohio
Ceres,34.0,37.5949316,-120.9577098,46714,797,California
Cedar Hill,42.4,32.5884689,-96.9561152,46663,798,Texas
Mansfield,-10.1,40.75839,-82.5154471,46454,799,Ohio
Binghamton,-1.7,42.0986867,-75.9179738,46444,800,New York
Coeur d'Alene,32.8,47.6776832,-116.7804664,46402,801,Idaho
San Luis Obispo,4.4,35.2827524,-120.6596156,46377,802,California
Minot,26.6,48.2329668,-101.2922906,46321,803,North Dakota
Palm Springs,7.7,33.8302961,-116.5452921,46281,804,California
Pine Bluff,-16.2,34.2284312,-92.0031955,46094,805,Arkansas
Texas City,10.3,29.383845,-94.9027002,46081,806,Texas
Summerville,62.9,33.0185039,-80.1756481,46074,807,South Carolina
Twin Falls,31.5,42.5629668,-114.4608711,45981,808,Idaho
Jeffersonville,53.3,38.2775702,-85.7371847,45929,809,Indiana
San Jacinto,91.8,33.7839084,-116.958635,45851,810,California
Madison,53.7,34.6992579,-86.7483318,45799,811,Alabama
Altoona,-7.3,40.5186809,-78.3947359,45796,812,Pennsylvania
Columbus,16.4,39.2014404,-85.9213796,45775,813,Indiana
Beavercreek,19.0,39.7092262,-84.0632685,45712,814,Ohio
Apopka,63.9,28.6934076,-81.5322149,45587,815,Florida
Elmhurst,5.7,41.8994744,-87.9403418,45556,816,Illinois
Maricopa,2503.4,33.0581063,-112.0476423,45508,817,Arizona
Farmington,18.1,36.7280583,-108.2186856,45426,818,New Mexico
Glenview,5.2,42.0697509,-87.7878408,45417,819,Illinois
Cleveland Heights,-10.3,41.5200518,-81.556235,45394,820,Ohio
Draper,77.4,40.5246711,-111.8638226,45285,821,Utah
Lincoln,285.2,38.891565,-121.2930079,45237,822,California
Sierra Vista,19.3,31.5455001,-110.2772856,45129,823,Arizona
Lacey,41.7,47.0342629,-122.8231915,44919,824,Washington
Biloxi,-11.5,30.3960318,-88.8853078,44820,825,Mississippi
Strongsville,1.9,41.3144966,-81.83569,44730,826,Ohio
Barnstable Town,-7.1,41.7003208,-70.3002024,44641,827,Massachusetts
Wylie,185.2,33.0151201,-96.5388789,44575,828,Texas
Sayreville,9.6,40.4594021,-74.360846,44412,829,New Jersey
Kannapolis,18.6,35.4873613,-80.6217341,44359,830,North Carolina
Charlottesville,10.5,38.0293059,-78.4766781,44349,831,Virginia
Littleton,9.4,39.613321,-105.0166498,44275,832,Colorado
Titusville,7.8,28.6122187,-80.8075537,44206,833,Florida
Hackensack,2.9,40.8859325,-74.0434736,44113,834,New Jersey
Newark,3.3,37.5296593,-122.0402399,44096,835,California
Pittsfield,-3.6,42.4500845,-73.2453824,44057,836,Massachusetts
York,6.4,39.9625984,-76.727745,43935,837,Pennsylvania
Lombard,2.9,41.8800296,-88.0078435,43907,838,Illinois
Attleboro,4.6,41.9445441,-71.2856082,43886,839,Massachusetts
DeKalb,11.8,41.9294736,-88.7503647,43849,840,Illinois
Blacksburg,9.4,37.2295733,-80.4139393,43609,841,Virginia
Dublin,37.6,40.0992294,-83.1140771,43607,842,Ohio
Haltom City,11.4,32.7995738,-97.2691817,43580,843,Texas
Lompoc,5.5,34.6391501,-120.4579409,43509,844,California
El Centro,13.7,32.792,-115.5630514,43363,845,California
Danville,3.7,37.8215929,-121.9999606,43341,846,California
Jefferson City,6.7,38.5767017,-92.1735164,43330,847,Missouri
Cutler Bay,42.9,25.5808323,-80.3468593,43328,848,Florida
Oakland Park,2.7,26.1723065,-80.1319893,43286,849,Florida
North Miami Beach,3.6,25.9331488,-80.1625463,43250,850,Florida
Freeport,-1.4,40.6576022,-73.5831835,43167,851,New York
Moline,-1.9,41.5067003,-90.5151342,43116,852,Illinois
Coachella,88.4,33.6803003,-116.173894,43092,853,California
Fort Pierce,6.9,27.4467056,-80.3256056,43074,854,Florida
Smyrna,54.9,35.9828412,-86.5186045,43060,855,Tennessee
Bountiful,3.9,40.8893895,-111.880771,43023,856,Utah
Fond du Lac,1.7,43.7730448,-88.4470508,42970,857,Wisconsin
Everett,12.1,42.40843,-71.0536625,42935,858,Massachusetts
Danville,-11.0,36.5859718,-79.3950228,42907,859,Virginia
Keller,53.3,32.9341893,-97.229298,42907,860,Texas
Belleville,1.2,38.5200504,-89.9839935,42895,861,Illinois
Bell Gardens,-2.7,33.9652918,-118.1514588,42889,862,California
Cleveland,14.1,35.1595182,-84.8766115,42774,863,Tennessee
North Lauderdale,10.8,26.217305,-80.2258811,42757,864,Florida
Fairfield,1.2,39.3454673,-84.5603187,42635,865,Ohio
Salem,5.1,42.51954,-70.8967155,42544,866,Massachusetts
Rancho Palos Verdes,2.9,33.7444613,-118.3870173,42448,867,California
San Bruno,5.6,37.6304904,-122.4110835,42443,868,California
Concord,4.1,43.2081366,-71.5375718,42419,869,New Hampshire
Burlington,6.1,44.4758825,-73.212072,42284,870,Vermont
Apex,98.8,35.732652,-78.8502856,42214,871,North Carolina
Midland,0.9,43.6155825,-84.2472116,42181,872,Michigan
Altamonte Springs,2.0,28.6611089,-81.3656242,42150,873,Florida
Hutchinson,0.1,38.0608445,-97.9297743,41889,874,Kansas
Buffalo Grove,-3.4,42.1662831,-87.9631308,41778,875,Illinois
Urbandale,41.5,41.6266555,-93.7121656,41776,876,Iowa
State College,8.7,40.7933949,-77.8600012,41757,877,Pennsylvania
Urbana,10.3,40.1105875,-88.2072697,41752,878,Illinois
Plainfield,203.6,41.632223,-88.2120315,41734,879,Illinois
Manassas,19.5,38.7509488,-77.4752667,41705,880,Virginia
Bartlett,13.1,41.9950276,-88.1856301,41679,881,Illinois
Kearny,2.8,40.7684342,-74.1454214,41664,882,New Jersey
Oro Valley,27.0,32.3909071,-110.966488,41627,883,Arizona
Findlay,5.8,41.04422,-83.6499321,41512,884,Ohio
Rohnert Park,0.0,38.3396367,-122.7010984,41398,885,California
Westfield,3.0,42.1250929,-72.749538,41301,887,Massachusetts
Linden,4.7,40.6220478,-74.2445902,41301,886,New Jersey
Sumter,1.3,33.9204354,-80.3414693,41190,888,South Carolina
Wilkes-Barre,-4.3,41.2459149,-75.8813075,41108,889,Pennsylvania
Woonsocket,-5.2,42.0028761,-71.5147839,41026,890,Rhode Island
Leominster,-1.1,42.5250906,-71.759794,41002,891,Massachusetts
Shelton,7.3,41.3164856,-73.0931641,40999,892,Connecticut
Brea,15.2,33.9166805,-117.9000604,40963,893,California
Covington,-4.7,39.0836712,-84.5085536,40956,894,Kentucky
Rockwall,117.2,32.9312336,-96.4597089,40922,895,Texas
Meridian,-0.9,32.3643098,-88.703656,40921,896,Mississippi
Riverton,61.6,40.521893,-111.9391023,40921,897,Utah
St. Cloud,86.2,28.2489016,-81.2811801,40918,898,Florida
Quincy,0.5,39.9356016,-91.4098726,40915,899,Illinois
Morgan Hill,19.5,37.1305012,-121.6543901,40836,900,California
Warren,-15.2,41.2375569,-80.8184166,40768,901,Ohio
Edmonds,2.9,47.8106521,-122.3773552,40727,902,Washington
Burleson,85.3,32.5420821,-97.3208492,40714,903,Texas
Beverly,2.0,42.5584283,-70.880049,40664,904,Massachusetts
Mankato,24.7,44.1635775,-93.9993996,40641,905,Minnesota
Hagerstown,10.4,39.6417629,-77.7199932,40612,906,Maryland
Prescott,18.1,34.5400242,-112.4685025,40590,907,Arizona
Campbell,4.2,37.2871651,-121.9499568,40584,908,California
Cedar Falls,12.0,42.5348993,-92.4453161,40566,909,Iowa
Beaumont,254.5,33.9294606,-116.977248,40481,910,California
La Puente,-1.6,34.0200114,-117.9495083,40435,911,California
Crystal Lake,5.3,42.2411344,-88.3161965,40388,912,Illinois
Fitchburg,3.5,42.5834228,-71.8022955,40383,913,Massachusetts
Carol Stream,-0.2,41.9125286,-88.1347927,40379,914,Illinois
Hickory,7.0,35.7344538,-81.3444573,40361,915,North Carolina
Streamwood,10.1,42.0255827,-88.1784085,40351,916,Illinois
Norwich,11.6,41.5242649,-72.0759105,40347,917,Connecticut
Coppell,10.3,32.9545687,-97.0150078,40342,918,Texas
San Gabriel,0.9,34.0961111,-118.1058333,40275,919,California
Holyoke,0.9,42.2042586,-72.6162009,40249,920,Massachusetts
Bentonville,97.7,36.3728538,-94.2088172,40167,921,Arkansas
Florence,10.2,34.79981,-87.677251,40059,922,Alabama
Peachtree Corners,-1,33.9698929,-84.2214551,40059,923,Georgia
Brentwood,51.9,36.0331164,-86.7827772,40021,924,Tennessee
Bozeman,41.9,45.6769979,-111.0429339,39860,925,Montana
New Berlin,3.6,42.9764027,-88.1084224,39834,926,Wisconsin
Goose Creek,26.1,32.9810059,-80.0325867,39823,927,South Carolina
Huntsville,13.2,30.7235263,-95.5507771,39795,928,Texas
Prescott Valley,62.9,34.6100243,-112.315721,39791,929,Arizona
Maplewood,12.3,44.9530215,-92.9952153,39765,930,Minnesota
Romeoville,79.5,41.6475306,-88.0895061,39650,931,Illinois
Duncanville,9.7,32.6518004,-96.9083366,39605,932,Texas
Atlantic City,-2.2,39.3642834,-74.4229266,39551,933,New Jersey
Clovis,21.3,34.4047987,-103.2052272,39508,934,New Mexico
The Colony,45.7,33.0806083,-96.8928309,39458,935,Texas
Culver City,1.3,34.0211224,-118.3964665,39428,936,California
Marlborough,7.6,42.3459271,-71.5522874,39414,937,Massachusetts
Hilton Head Island,16.0,32.216316,-80.752608,39412,938,South Carolina
Moorhead,21.3,46.8737648,-96.7678039,39398,939,Minnesota
Calexico,44.0,32.6789476,-115.4988834,39389,940,California
Bullhead City,15.9,35.1359386,-114.5285981,39383,941,Arizona
Germantown,4.1,35.0867577,-89.8100858,39375,942,Tennessee
La Quinta,59.9,33.6633573,-116.3100095,39331,943,California
Lancaster,10.7,39.7136754,-82.5993294,39325,944,Ohio
Wausau,1.7,44.9591352,-89.6301221,39309,945,Wisconsin
Sherman,11.6,33.6356618,-96.6088805,39296,946,Texas
Ocoee,57.9,28.5691677,-81.5439619,39172,947,Florida
Shakopee,85.7,44.7973962,-93.5272861,39167,948,Minnesota
Woburn,4.4,42.4792618,-71.1522765,39083,949,Massachusetts
Bremerton,4.9,47.5673202,-122.6329356,39056,950,Washington
Rock Island,-1.9,41.5094771,-90.5787476,38877,951,Illinois
Muskogee,-0.7,35.7478769,-95.3696909,38863,952,Oklahoma
Cape Girardeau,9.4,37.3058839,-89.5181476,38816,953,Missouri
Annapolis,7.6,38.9784453,-76.4921829,38722,954,Maryland
Greenacres,35.5,26.6276276,-80.1353896,38696,955,Florida
Ormond Beach,5.8,29.2858129,-81.0558894,38661,956,Florida
Hallandale Beach,12.4,25.9812024,-80.148379,38632,957,Florida
Stanton,2.8,33.8025155,-117.9931165,38623,958,California
Puyallup,11.8,47.1853785,-122.2928974,38609,959,Washington
Pacifica,0.5,37.6138253,-122.4869194,38606,960,California
Hanover Park,0.6,41.9994722,-88.1450735,38510,961,Illinois
Hurst,5.8,32.8234621,-97.1705678,38448,962,Texas
Lima,-8.1,40.742551,-84.1052256,38355,963,Ohio
Marana,166.2,32.436381,-111.2224422,38290,964,Arizona
Carpentersville,22.8,42.1211364,-88.2578582,38241,965,Illinois
Oakley,47.7,37.9974219,-121.7124536,38194,966,California
Huber Heights,-0.2,39.843947,-84.1246608,38142,967,Ohio
Lancaster,46.4,32.5920798,-96.7561082,38071,968,Texas
Montclair,12.1,34.0775104,-117.6897776,38027,969,California
Wheeling,4.8,42.1391927,-87.9289591,38015,970,Illinois
Brookfield,-1.9,43.0605671,-88.1064787,37999,971,Wisconsin
Park Ridge,0.1,42.0111412,-87.8406192,37839,972,Illinois
Florence,19.8,34.1954331,-79.7625625,37792,973,South Carolina
Roy,13.3,41.1616108,-112.0263313,37733,974,Utah
Winter Garden,142.5,28.5652787,-81.5861847,37711,975,Florida
Chelsea,7.3,42.3917638,-71.0328284,37670,976,Massachusetts
Valley Stream,3.6,40.6642699,-73.7084645,37659,977,New York
Spartanburg,-6.2,34.9495672,-81.9320482,37647,978,South Carolina
Lake Oswego,5.3,45.4206749,-122.6706498,37610,979,Oregon
Friendswood,28.6,29.5293998,-95.2010447,37587,980,Texas
Westerville,5.7,40.1261743,-82.9290696,37530,981,Ohio
Northglenn,15.5,39.8961821,-104.9811468,37499,982,Colorado
Phenix City,31.9,32.4709761,-85.0007653,37498,983,Alabama
Grove City,35.6,39.8814519,-83.0929644,37490,984,Ohio
Texarkana,7.4,33.425125,-94.0476882,37442,985,Texas
Addison,2.6,41.931696,-87.9889556,37385,986,Illinois
Dover,16.0,39.158168,-75.5243682,37366,987,Delaware
Lincoln Park,-6.7,42.2505943,-83.1785361,37313,988,Michigan
Calumet City,-4.5,41.6155909,-87.5294871,37240,989,Illinois
Muskegon,-7.1,43.2341813,-86.2483921,37213,990,Michigan
Aventura,47.2,25.9564812,-80.1392121,37199,991,Florida
Martinez,3.4,38.0193657,-122.1341321,37165,992,California
Greenfield,4.8,42.9614039,-88.0125865,37159,993,Wisconsin
Apache Junction,15.7,33.4150485,-111.5495777,37130,994,Arizona
Monrovia,0.2,34.1442616,-118.0019482,37101,995,California
Weslaco,28.8,26.1595194,-97.9908366,37093,996,Texas
Keizer,14.4,44.9901194,-123.0262077,37064,997,Oregon
Spanish Fork,78.1,40.114955,-111.654923,36956,998,Utah
Beloit,2.9,42.5083482,-89.0317765,36888,999,Wisconsin
Panama City,0.1,30.1588129,-85.6602058,36877,1000,Florida
