animal_name,longitude,latitude,date,version,validated,priority
"Alligator, mississippi",-8.5178319,40.927135,142118596,9.4,false,0.74
Crowned hawk-eagle,-69.4887886,-11.4077673,-1968297180,8.5,true,0.23
"Chipmunk, least",39.3988465,51.1373971,-135949885,0.3.6,true,0.68
Common grenadier,-8.5944594,40.557917,-370927360,9.1.7,true,0.75
Egyptian goose,37.1124597,55.6503772,708533552,2.1.3,true,0.19
"Dove, ring",25.7664345,48.1120825,-526049213,7.2.7,true,0.16
"Heron, green-backed",-118.3403506,34.1615135,-674054553,5.12,false,0.76
"Bat, madagascar fruit",9.8822665,11.2770374,344021491,7.02,true,0.82
Sea birds (unidentified),5.8978018,43.4945737,-1767226668,9.0,false,0.3
Brown and yellow marshbird,125.408732,8.972681,16352872,9.6.0,false,0.45
"Cockatoo, red-tailed",121.3128539,31.021461,-91961463,8.8,true,0.41
"Flycatcher, tyrant",-45.2515461,-21.692578,-1108667773,0.67,true,0.52
Burrowing owl,106.3346061,20.995464,309260098,0.66,false,0.84
"Elk, Wapiti",-4.33096,48.0930765,-1755665429,0.9.3,false,0.74
"Plover, blacksmith",-52.2182111,-28.4267829,617964028,0.87,false,0.4
Yellow-crowned night heron,-82.7996813,27.9593333,-356303895,0.8.2,false,0.44
Sportive lemur,-68.1346594,-16.5030766,-1976439252,4.4,true,0.59
"Turkey, wild",35.4190083,52.2960003,-100975608,0.6.9,true,0.74
Red lava crab,-49.8956943,-24.4748345,-473240162,0.4.4,true,0.72
Caracara (unidentified),130.529246,33.4351922,-1908748076,1.3,false,0.78
"Starling, greater blue-eared",101.507294,29.000347,-810390303,6.2.7,false,0.7
Malagasy ground boa,82.9751504,54.9086072,-1015171794,6.5.6,true,0.33
"Stilt, black-winged",116.456946,39.932164,-988339457,0.89,true,0.25
"Bear, polar",2.2754517,48.8357169,-1228121657,4.84,false,0.7
Asiatic jackal,119.523266,25.962888,-1539278873,0.8.1,false,0.43
"Baboon, savanna",109.0274877,-7.5347018,-1868163426,6.59,false,0.23
Black-backed magpie,114.894843,30.39194,-1776688250,6.9,true,0.39
"Bleu, blue-breasted cordon",14.5025108,35.916433,850551910,9.6.0,false,0.52
"Fox, blue",120.83694,40.71104,253256416,0.15,false,0.59
Small-clawed otter,76.4585878,60.9847449,-183384758,0.43,true,0.79
"Pelican, eastern white",123.4715,-8.4447,-2131046146,0.18,false,0.53
"Pigeon, feral rock",110.88907,37.429832,763799160,0.68,true,0.61
"Quoll, eastern",109.6386363,-6.8939065,-555788132,0.23,true,0.9
"Boa, emerald green tree",113.297919,22.495591,-1663567788,9.1.0,false,0.69
"Squirrel, arctic ground",27.2029363,-20.8097593,701408343,0.66,true,0.4
"Baboon, gelada",31.0079484,30.5604564,-753467788,6.6,false,0.3
Bald eagle,47.71824,42.59689,-1234251599,2.84,false,0.12
Black-fronted bulbul,113.3257,-8.1356,964763263,0.62,false,0.59
"Squirrel, golden-mantled ground",20.6327686,49.564452,101461683,0.81,false,0.23
Vervet monkey,-58.7992473,-34.4489078,-749177436,6.0,false,0.88
Canada goose,36.5337731,-14.8000877,803655090,0.52,true,0.78
"Monitor, white-throated",-47.6063666,-22.8481591,-1145314409,7.9.8,true,0.41
"Cormorant, neotropic",123.426773,41.773672,668006815,1.0,true,0.79
"Goose, snow",19.0520962,50.429849,-1895596982,5.54,false,0.41
Lily trotter,108.4602464,-7.0773485,-1442236953,0.2.6,true,0.67
Asian openbill,-52.793776,-28.2963334,593698224,9.02,true,0.87
Galah,101.3470213,14.1060399,-561928635,7.3.0,false,0.81
"Squirrel, indian giant",-97.3617845,32.7087439,600273368,7.3,false,0.82
"Phalarope, northern",-61.4493842,10.4320215,-914851782,8.4,true,0.34
"Vulture, turkey",107.3050627,-6.8031681,-908981075,4.2,false,0.13
Hanuman langur,-81.6363869,41.0875099,-991283881,0.43,false,0.81
Southern brown bandicoot,-54.0688562,-24.7073654,225421113,3.5.4,false,0.74
Blacksmith plover,34.4602881,53.4808987,-1057637946,5.7,true,0.17
"Sparrow, rufous-collared",-72.1110396,-13.479597,-848837952,0.58,false,0.59
"Fox, arctic",-47.4710798,-21.8421051,-1451460071,5.23,true,0.6
"Otter, brazilian",123.1436468,7.7521794,-256387164,6.32,true,0.79
Flying fox (unidentified),13.9004377,50.1527227,963648308,7.22,false,0.26
"Moorhen, purple",168.3273245,-17.7332512,-696656078,0.18,false,0.8
White-rumped vulture,122.9053,9.2207,-598153800,0.91,false,0.55
"Cat, tiger",123.5560069,-8.3848454,198031934,6.97,false,0.57
"Pie, indian tree",112.558133,37.858628,237038599,2.02,false,0.52
"Nuthatch, red-breasted",14.6542767,50.5658445,72591945,9.88,true,0.14
Griffon vulture,60.0577694,57.7842303,96467538,0.38,true,0.14
"Deer, white-tailed",-88.3020602,15.040667,259508922,0.9.7,false,0.76
Long-billed cockatoo,54.3773438,24.453884,-844913912,7.2.5,false,0.53
"Vulture, black",179.20094,-8.51758,-756595380,3.9.9,false,0.82
"Armadillo, common long-nosed",-97.8923749,30.3788578,-1080232184,9.44,true,0.7
"Lion, steller sea",2.6949635,48.4057628,-1020382587,0.65,true,0.69
Cook's tree boa,108.3380469,15.8800584,-551318028,0.9.7,false,0.8
Asian lion,24.6447745,48.5177572,562715639,0.4.7,false,0.67
Great cormorant,125.182333,10.133099,-1353630518,4.0,true,0.7
"Rhea, greater",14.424426,35.910325,-866527988,0.5.8,true,0.22
White-tailed jackrabbit,-90.2291565,32.2821952,146845666,7.41,true,0.76
"Buffalo, asian water",104.285114,33.467588,-1040742000,7.9,true,0.89
"Duiker, gray",20.3863042,52.083111,595548057,0.62,false,0.3
"Squirrel, antelope ground",-8.324549,42.038041,-2021662996,0.21,false,0.24
Cape fox,15.7613834,51.361479,-1761769419,2.4,false,0.57
Snowy sheathbill,20.1010662,52.4585616,-1562005966,6.64,false,0.19
"Hawk, ferruginous",5.2731644,60.3573369,-2031308446,2.96,false,0.43
"Goldeneye, common",100.1625,49.63417,-1260898090,1.8.0,true,0.21
"Butterfly, tropical buckeye",-90.1475822,32.3630585,-1682238910,0.73,false,0.54
Great kiskadee,103.93935,22.529403,-1680996081,2.0,true,0.43
African snake (unidentified),0.7259705,47.3640936,-928666618,5.06,true,0.29
"Parakeet, rose-ringed",112.239446,27.375021,-1794902776,3.30,false,0.3
"Dragonfly, russian",131.3529666,33.4316535,-2063479692,0.93,true,0.58
"Boar, wild",39.8634775,49.7001031,273363012,5.98,false,0.47
"Nuthatch, red-breasted",-77.5777031,-9.4004209,-314735067,1.1.9,true,0.58
Coke's hartebeest,-69.9316834,18.4445307,-220995654,0.4.8,true,0.41
Tawny frogmouth,13.9636888,55.5446591,-710639422,0.5.6,true,0.78
"Vulture, turkey",51.0586345,11.8700773,-1775644385,7.9.6,true,0.1
Dusky rattlesnake,7.1036396,13.5009779,-122026650,2.5,true,0.27
North American river otter,131.846635,45.529774,432584648,0.59,false,0.8
"Shrike, southern white-crowned",23.200121,41.3910706,408731500,1.7,false,0.63
"Marmot, hoary",-57.8516627,-51.6977129,-1917130206,2.9,false,0.68
"Moorhen, purple",14.1619341,57.778556,-2117149625,5.1.1,false,0.13
"Pademelon, red-legged",-61.8991382,-11.1693755,-455130050,0.1.6,false,0.84
Gecko (unidentified),122.539307,52.969667,-510937669,0.6.7,true,0.88
Tsessebe,32.0837445,2.9667878,-1874267738,4.70,false,0.72
Dabchick,-175.21333,-21.15216,4180809,8.14,true,0.38
"Falcon, peregrine",-8.3745717,39.3297421,-964340392,0.9.8,false,0.7
"Otter, giant",112.626495,24.466675,-1351582776,1.47,false,0.82
Red lava crab,8.6600586,35.0809148,63307054,9.03,true,0.43
"Iguana, marine",119.64742,29.079175,-889079906,7.8,false,0.63
American black bear,-58.586937,-34.4753246,616440352,6.8,false,0.14
"Nutcracker, clark's",19.3967389,51.5671926,-1247192468,8.8.6,false,0.68
"Phalarope, red",121.8505679,-8.7458539,1190836,4.95,false,0.59
Violet-eared waxbill,24.3450737,48.2595628,943069218,0.38,false,0.59
Raccoon dog,15.5784672,46.3141609,-241016496,2.6,false,0.25
"Fox, pampa gray",16.6227158,49.3564315,494766115,5.3,true,0.41
"Oryx, beisa",10.0219822,35.9329039,140987579,1.3.2,false,0.83
Long-necked turtle,23.8218079,38.0135829,689016396,1.83,true,0.79
Great skua,22.9246383,40.5004933,-1007623018,3.53,false,0.47
Frilled lizard,18.8410376,43.1541366,338628080,1.64,true,0.13
Killer whale,98.09795,32.97771,-937307339,0.1.4,true,0.5
Gray rhea,3.4387783,50.59219,-556396709,8.6,true,0.39
"Grouse, sage",102.664376,25.038296,-739099422,3.1,true,0.55
Golden brush-tailed possum,-123.3072848,44.934021,-481570319,8.0,true,0.37
Eurasian red squirrel,-72.8901725,-15.2122806,516133357,3.5,true,0.16
Red howler monkey,24.5915028,61.5928356,551380444,0.31,false,0.47
Whip-tailed wallaby,20.1789757,40.0316754,-1298672422,0.13,true,0.5
"Woodpecker, red-headed",114.148724,22.2866176,-202453271,2.3,true,0.18
North American river otter,119.3801998,-9.4550725,-236218150,5.63,true,0.17
"Stork, european",103.3587288,-3.8008893,-1492228336,0.78,false,0.82
"Elk, Wapiti",10.7830826,3.6426789,120497519,3.7.8,true,0.31
European stork,130.5263203,33.6232699,-9480099,9.4.1,false,0.68
"Wallaroo, common",103.575676,37.515114,-487736108,0.7.2,false,0.14
Long-billed cockatoo,-76.702454,-7.081475,-186826240,2.2,false,0.33
"Spider, wolf",31.0233095,61.7575929,-2049586402,9.8.6,false,0.58
"Egret, cattle",18.1593939,59.1779971,-1704537325,7.44,true,0.87
"Bird, pied butcher",-8.4162288,40.9121933,696986444,9.6,false,0.49
"Penguin, fairy",-79.3894938,43.6623015,-133496343,5.8,true,0.28
"Gnu, brindled",102.652483,29.344616,-2122265670,5.5.5,true,0.86
Burmese black mountain tortoise,108.0940566,-7.3055997,-303601736,2.93,true,0.67
"Tern, white-winged",109.971328,18.412445,-161519475,0.4.3,true,0.47
Giant armadillo,123.1548332,-8.2837661,166206451,0.9.9,false,0.21
Prehensile-tailed porcupine,129.508945,42.891255,-14315690,3.3,true,0.43
Two-toed sloth,30.7177509,-3.5837638,-1562243256,9.9.9,true,0.68
"Francolin, swainson's",25.8255575,-17.9318052,6038510,0.2.5,true,0.6
Black kite,44.0925766,40.1578419,-1057905521,6.9,true,0.3
"Spoonbill, european",-78.2610672,0.2343005,-1406024499,0.8.0,true,0.27
"Wallaby, dama",100.309489,-0.679873,6911725,2.8,false,0.24
"Vulture, bengal",34.3039986,31.3462005,-1205148343,9.31,false,0.59
"Lemur, sportive",-80.2153998,25.9868744,844001283,9.2.1,true,0.46
"Alligator, mississippi",1.820875,47.5113895,-1738028729,0.59,true,0.58
Mara,104.641931,28.824583,-2037251932,0.4.8,false,0.45
"Cockatoo, long-billed",-9.2135043,38.7377792,-2083063193,9.35,false,0.88
"Lion, steller sea",-8.5533397,40.2191082,-1409426826,2.99,true,0.68
Whip-tailed wallaby,103.1369108,5.329576,-1917421960,0.41,false,0.55
Galapagos mockingbird,118.679751,27.44587,-576359088,0.34,false,0.35
"Lorikeet, scaly-breasted",-1.6029573,48.8331738,-1299278967,0.3.2,true,0.53
"Gull, southern black-backed",124.1253751,-10.0828864,41985522,7.6.1,false,0.25
Jabiru stork,101.545865,30.022669,-1246451829,9.22,false,0.21
Little heron,106.8325872,-6.5114699,-189471252,0.15,false,0.35
"Phascogale, brush-tailed",55.447006,-20.895689,-1078846804,0.61,false,0.12
Southern ground hornbill,121.0168115,14.5694528,-468540321,5.0,false,0.49
"Crow, american",-1.9847194,54.0521127,-1279936425,0.55,true,0.29
Short-beaked echidna,119.3801998,-9.4550725,143836118,1.49,true,0.67
Dark-winged trumpeter,44.4880651,40.0072152,-1436779385,9.5.0,true,0.29
Euro wallaby,110.3562018,-7.7798092,-1040486097,0.36,false,0.55
"Bird, magnificent frigate",128.1256078,42.3223159,-214495409,7.2,true,0.42
Secretary bird,43.26505,-11.6557739,-486144765,0.42,false,0.55
Purple moorhen,14.4322399,46.1428433,-1408893789,0.91,true,0.57
Common green iguana,42.0889476,47.6451517,430467904,4.3.5,true,0.44
Lilac-breasted roller,-39.5499731,-18.0833977,-114433130,5.24,true,0.66
Bleeding heart monkey,23.9771623,61.3034539,-325831719,0.4.9,false,0.45
"Pintail, bahama",92.009188,27.951331,-391357698,1.9,true,0.18
"Oystercatcher, blackish",23.8336016,38.0572295,146827948,0.72,false,0.25
Pale-throated three-toed sloth,21.3639876,52.6960785,-1093402458,0.18,true,0.27
South African hedgehog,2.2458912,48.8887915,233941356,3.43,true,0.35
Stone sheep,105.8180306,21.0811211,868789115,6.0.5,true,0.61
Collared lemming,-60.9874687,14.0101094,-1122904351,0.2.5,true,0.28
"Marten, american",59.4823216,54.3113742,899389485,6.0.3,true,0.58
Blue-tongued lizard,-42.8376099,-21.013792,437463827,6.6,true,0.45
"Dolphin, common",121.0317737,14.565668,-514285294,0.5.6,true,0.79
"Possum, western pygmy",-6.1898262,8.0599142,-1212686755,9.38,true,0.77
Frilled dragon,26.7336839,43.6709677,-830533765,7.2.5,false,0.53
"Ass, asiatic wild",110.0926112,-1.2468663,730611118,0.4.9,false,0.19
"Coatimundi, ring-tailed",45.9860099,43.2496743,-1005737719,5.3.1,true,0.43
"Cockatoo, red-tailed",-69.9550338,-4.5204349,733188099,0.66,true,0.34
Yellow-brown sungazer,118.106868,41.455932,55426234,0.55,false,0.71
Koala,5.7569797,52.6863286,455051630,0.88,true,0.21
Black-footed ferret,17.2409601,51.91673,-1210096654,0.9.8,false,0.87
"Gull, dusky",17.4835513,49.5784817,-33843755,0.2.3,false,0.79
"Bustard, denham's",106.810463,-6.226676,402930267,9.07,false,0.64
"Vulture, white-rumped",-0.4928359,46.823629,563817988,8.80,true,0.46
"Starling, superb",31.3156748,47.9114733,-728727203,3.22,true,0.19
Indian giant squirrel,2.7425682,50.2837307,-1912639987,0.4.1,true,0.58
"Whale, killer",39.0476298,12.0308987,-1876886171,1.1.9,true,0.43
Magistrate black colobus,7.261933,43.704612,890660015,7.8,false,0.71
"Trotter, lily",117.078294,39.982718,-1688882004,1.9.3,true,0.17
"Kingfisher, pied",-76.5112471,3.4851908,891200715,9.4,true,0.22
Horned lark,16.5102565,59.3781172,813728731,0.4.2,false,0.83
Springbuck,176.6989753,-38.0846351,113936620,5.7.3,false,0.4
Giant heron,-76.02611,6.750597,788090772,0.2.1,false,0.39
"Rat, arboral spiny",17.3385278,49.0862712,-356031806,9.6,false,0.18
"Pheasant, ring-necked",12.8778526,56.6649059,63673806,1.65,false,0.85
Common brushtail possum,8.317343,4.9404494,-490942256,7.33,true,0.26
Giant anteater,120.4139777,16.2656641,-650005141,6.12,true,0.57
Crab-eating fox,112.527551,23.544205,-1775847250,0.69,false,0.27
"Eagle, bateleur",112.1340793,-8.2429651,-261970549,0.89,false,0.34
Plains zebra,121.7483586,16.7551121,-1770581354,0.5.5,false,0.36
"Moccasin, water",2.4943891,48.9318625,-1651666378,0.93,true,0.11
Springhare,35.1901151,-0.582624,-2021178032,4.6.2,true,0.42
Sandhill crane,15.0728705,44.5284238,196138299,3.31,true,0.73
House crow,-66.8052202,10.4132061,-358889366,4.27,false,0.8
"Admiral, indian red",-68.26667,12.13333,-1047889666,5.23,true,0.12
"Hare, arctic",-89.6651628,21.2811908,-455453670,0.7.5,true,0.76
African buffalo,120.4557309,17.1056791,-1748795398,0.84,true,0.63
"Otter, brazilian",31.3713164,-26.5081999,-2155010895,0.63,false,0.17
Red-winged hawk (unidentified),119.7942301,49.348096,801619519,7.7.7,true,0.24
Yellow-necked spurfowl,40.8600241,55.951057,-2007494271,3.0,true,0.46
Common langur,-78.5717631,-0.5107264,166228509,1.87,false,0.35
Squirrel glider,112.116195,-7.6873253,313236224,0.77,false,0.57
"Lark, horned",-6.2634596,53.3004898,-2095108614,3.8.1,false,0.74
Barrows goldeneye,80.5148127,5.9368109,-204737637,0.47,false,0.2
"Teal, hottentot",18.5234252,49.9092319,370261234,0.8.5,true,0.81
Pallas's fish eagle,106.864861,28.534704,-1606577774,3.2.7,false,0.37
Squirrel glider,-56.0197578,-28.051106,-587652963,0.77,false,0.49
Red hartebeest,124.4251,-10.0017,-180049194,0.88,false,0.72
"Peacock, blue",27.2980562,48.1717603,-830010202,0.2.6,true,0.32
Black-tailed prairie dog,-84.0801613,30.5547139,-1480183031,0.7.7,true,0.47
Savannah deer (unidentified),-49.3091437,-28.7137096,276565279,5.9,false,0.45
Black-backed jackal,-77.492203,-10.37092,-1181676646,4.6.1,false,0.33
"Otter, brazilian",109.428608,24.326292,794826160,0.87,true,0.27
Black vulture,35.9407539,49.9511113,-487140187,6.9,true,0.27
"Squirrel, smith's bush",19.0552361,45.5824038,-1275893585,0.83,true,0.33
Mourning collared dove,117.1735,-8.6603,-1118479580,7.4.6,true,0.58
Greater kudu,118.6323132,-8.765095,-511815553,7.13,false,0.54
"Lemur, sportive",116.5378,-8.5583,829563261,0.86,false,0.57
Ornate rock dragon,111.7465609,-6.9770646,-1595081542,2.4.0,false,0.62
"Monkey, bleeding heart",-76.702454,-7.081475,-1915002836,6.2,true,0.83
River wallaby,25.4219873,40.9765733,-1613619760,0.35,true,0.8
"Oystercatcher, blackish",29.0809012,-9.7936959,-978895987,0.4.0,false,0.15
Squirrel glider,108.839557,27.69965,961162589,6.62,false,0.52
"Owl, australian masked",-78.8458135,-2.7389977,-1123259249,3.9,false,0.37
Klipspringer,16.8470545,52.2454069,29498369,3.63,true,0.42
Slender loris,103.4916438,16.3270679,-913472998,0.46,false,0.14
"Goldeneye, common",128.939819,48.726098,831079409,0.53,true,0.25
"Crow, house",-87.6112325,15.6019543,-28864014,5.73,false,0.18
Asian elephant,15.9277356,54.1831243,771337690,4.1.5,false,0.55
"Python, carpet",119.459161,32.781659,-529582262,4.7.5,false,0.3
Sable antelope,45.4274541,40.1384545,10553557,2.8.8,true,0.65
North American river otter,11.0706454,11.8478074,400683288,0.2.1,true,0.37
"Magpie, black-backed",-9.2279436,38.8053078,-1175744932,0.17,false,0.87
Black-throated butcher bird,-39.940155,-13.5362103,-119222499,0.97,true,0.45
"Hen, sage",-49.0147244,-28.471976,6690511,0.8.0,false,0.36
"Fox, north american red",94.661966,40.142128,-823525679,2.48,true,0.76
"Thrasher, curve-billed",139.7492367,35.9227705,-939121486,9.4,true,0.61
"Tapir, brazilian",35.6040785,3.1155165,-481842008,0.1.1,false,0.88
Eastern box turtle,16.613233,49.1278721,-1908362349,0.10,false,0.3
"Flicker, field",-75.2128996,20.1400094,906955658,3.2,true,0.69
"Dog, bush",44.2935926,40.1632626,-2078692104,0.51,true,0.11
Old world fruit bat (unidentified),107.4967147,-7.3684588,837911107,3.8.0,false,0.62
Bee-eater (unidentified),110.73404,29.673196,683501398,2.0.5,false,0.89
Little cormorant,117.017536,25.075123,-1445279009,0.3.0,true,0.25
Sulfur-crested cockatoo,37.7673912,55.5807611,-1069578843,1.7,false,0.23
"Snake, racer",126.3921664,34.8118351,-2156502148,3.9,false,0.67
"Python, carpet",105.3760604,20.0844095,-1464846890,8.44,false,0.13
Springbok,110.112629,32.809026,571319911,0.62,false,0.88
"Dragon, ornate rock",21.0837161,39.1020713,-1125113446,6.4.3,true,0.58
Malleefowl,48.329762,54.0282094,-1741834047,1.63,true,0.35
Pallas's fish eagle,43.4273768,44.2006496,-1484723004,8.9.6,false,0.68
"Rattlesnake, horned",4.9052738,43.9763746,-1418798800,0.97,true,0.28
"Wallaby, dama",117.043407,28.043337,-2128074955,0.2.2,false,0.76
Sable antelope,-58.6368645,-34.7319466,-1641473646,8.4.9,false,0.54
Common ringtail,122.762485,63.897847,-323077561,0.4.5,true,0.7
"Bear, black",-46.5203453,-18.5926206,164968165,3.7.3,false,0.65
"Rat, white-faced tree",109.136724,26.230385,893536987,7.7,false,0.51
Adouri (unidentified),40.2585579,48.3114598,787765427,3.8.6,true,0.86
Crowned hawk-eagle,113.256439,23.199183,53752140,8.5.7,true,0.67
Red-shouldered glossy starling,106.4288088,-6.076643,-672598279,0.86,false,0.28
"Cobra, egyptian",110.7867474,-6.7944214,-708528435,0.5.8,false,0.54
"Cat, cape wild",-8.3323796,41.3922962,-1355130452,0.8.8,false,0.21
Crested barbet,-67.7134201,-37.7758475,-552871167,0.28,false,0.84
"Sloth, hoffman's",13.8716558,44.9279556,840668399,7.9,false,0.36
Masked booby,8.5528746,3.4590145,-2083606600,0.47,true,0.65
Tammar wallaby,17.0036172,44.871595,-681148018,9.81,true,0.27
"Marten, american",52.3557986,59.0405545,-289001563,1.67,true,0.89
"Marmot, hoary",-75.963942,5.963336,-1397825619,0.5.4,true,0.22
Cape fox,42.8212218,42.0732393,-2096880783,1.77,false,0.32
"Rattlesnake, eastern diamondback",22.38359,41.49511,-772449906,2.8,true,0.28
"Bee-eater, carmine",108.5522531,-6.9375866,-879419288,2.0.9,true,0.55
"Shrew, mandras tree",11.2991498,43.7668053,-214426380,5.18,false,0.37
Wattled crane,100.7492159,26.6849798,-1284694372,7.0.8,true,0.34
"Deer, white-tailed",113.774004,40.834681,-257298594,2.92,false,0.11
African buffalo,2.2372823,48.830394,-609202541,2.45,true,0.75
Hawk-headed parrot,49.1812984,55.8304171,-512188506,3.8,true,0.15
"Bird, magnificent frigate",108.3655011,-7.3260543,422671410,1.3.4,false,0.38
"Cormorant, great",42.8429639,44.0519136,-389167085,7.74,true,0.62
"Siskin, yellow-rumped",140.6062909,37.6703123,-1338934214,0.69,true,0.33
Bennett's wallaby,-96.06116,50.2536,-45647839,0.1.7,true,0.35
Blesbok,111.591546,-7.1309871,-1583002361,9.2.6,true,0.68
"Possum, western pygmy",117.135488,39.224791,-1051019037,0.84,false,0.3
Ring-tailed coatimundi,100.8677256,15.2586581,463616597,2.7.8,false,0.21
"Tapir, brazilian",-8.421278,40.9089779,-268692734,0.9.8,true,0.29
"Parakeet, rose-ringed",103.2022055,13.09573,-1626387836,7.8,true,0.81
"Flicker, campo",-49.4600885,-18.9745738,142067821,0.6.5,true,0.67
Yellow-rumped siskin,107.3922752,-6.989299,-902518485,0.6.2,true,0.29
"Squirrel, grey-footed",100.2740821,13.5497754,-1726625809,2.23,false,0.75
Galapagos mockingbird,2.845761,44.478341,404904123,0.8.9,false,0.63
Black kite,2.2228583,48.8590219,-1368920443,3.52,true,0.45
"Thrasher, curve-billed",35.072538,32.370069,-1455682763,0.25,true,0.82
"Wallaby, agile",36.9329429,50.284234,-316278901,7.75,false,0.72
"Legaan, ground",17.0744196,50.7837134,-2121243064,0.6.4,false,0.33
Ground legaan,134.6336896,7.4951158,-1063190501,1.2.3,false,0.79
Blue wildebeest,-5.9251211,37.4212157,-1711122494,4.5.1,false,0.14
"Ferret, black-footed",116.050239,39.975699,-2060187100,7.8,true,0.42
Miner's cat,9.4450439,4.6333268,-1386091988,4.99,true,0.21
"Pelican, eastern white",101.6184908,3.0015321,-949147004,2.56,false,0.2
"Rat, desert kangaroo",19.9370144,49.9637141,-698620185,9.5,true,0.67
White stork,-38.4795129,-6.4835644,-1165524713,6.97,true,0.89
Paddy heron (unidentified),19.5665776,45.4048515,-621233435,9.8.1,false,0.73
"Dik, kirk's dik",121.5250628,17.4458367,673359181,6.40,true,0.61
"Shrike, southern white-crowned",-89.3274391,43.0709333,-678133597,5.9,true,0.55
African pied wagtail,44.6420273,43.2311668,-883061378,0.38,false,0.33
Northern elephant seal,-7.3570576,4.4279197,377295979,1.2.8,false,0.13
Red-headed woodpecker,51.1735574,52.803304,-2026326038,0.3.3,true,0.44
Indian red admiral,103.4569571,0.663325,-1238505854,0.25,false,0.77
"Starfish, crown of thorns",-101.6968667,21.1231158,-748368721,0.32,false,0.14
"Baboon, gelada",47.6489641,40.5067525,280723869,9.16,false,0.85
"Dove, galapagos",114.261299,-8.399762,470757786,8.1,false,0.74
Neotropic cormorant,46.2910589,56.2884624,-1862067117,1.7.4,true,0.4
Short-beaked echidna,111.4253892,-7.9110809,411703125,5.10,false,0.2
"Jackal, silver-backed",121.046456,31.103759,-1298855158,0.32,true,0.44
Dassie,104.2250605,20.4112324,459291815,0.3.9,false,0.23
Nilgai,108.945019,34.897887,-1651015728,3.8,true,0.24
"Lynx, african",-100.2596935,25.6775595,-1930862215,7.0,false,0.72
"Glider, sugar",22.4952072,65.855827,-264638706,6.5.0,false,0.4
Brown and yellow marshbird,109.607675,25.783198,-234624712,7.9.7,false,0.83
"Oryx, beisa",121.492796,31.2570292,-1369578462,0.6.3,false,0.85
Red-necked phalarope,105.1726816,9.3473628,-991297850,9.5.5,false,0.57
Eastern boa constrictor,107.6422488,-6.8575149,-1405412494,0.2.0,true,0.33
"Wallaby, dama",40.2145002,61.6724707,160223434,3.3.2,true,0.43
American buffalo,57.6297389,-20.2695062,-1789455490,9.6,true,0.4
Yellow-necked spurfowl,108.533377,32.519246,908163487,1.8,true,0.76
Slender loris,107.0468263,48.8295482,-1446029671,7.1,true,0.9
"Sheep, red",21.2540462,52.3468215,188122149,6.71,true,0.2
"Leopard, indian",-106.43,31.77,-47927153,0.23,true,0.89
"Tarantula, salmon pink bird eater",37.6243984,55.7213148,-1282892842,0.24,true,0.56
Common turkey,114.835777,26.82808,449364213,0.56,true,0.9
Galapagos sea lion,-6.1644997,53.4266145,155400185,7.5,false,0.53
"Thrasher, curve-billed",39.5849504,51.8792137,-1452148755,5.3.9,true,0.46
"Cormorant, pied",-47.5717516,-22.4101426,-627548099,0.38,false,0.42
"Chickadee, black-capped",118.055019,36.813546,-1977592049,0.6.6,true,0.87
Superb starling,-72.970517,6.474867,-582905643,0.65,true,0.28
"Hartebeest, coke's",-64.2966774,-31.1394114,-1041043938,2.7.9,false,0.47
"Boubou, southern",108.1873407,16.0641802,813865205,0.8.5,true,0.5
Nubian bee-eater,6.574529,43.553302,-1951182740,0.4.4,false,0.17
African darter,117.500558,40.417358,-504698996,0.8.5,true,0.77
"Dove, mourning collared",-51.869606,-29.2360837,365132016,0.72,true,0.47
Stick insect,49.679652,25.415248,-302831494,2.9.7,true,0.46
"Bird, magnificent frigate",-5.6589414,40.9838888,-2137175976,0.6.2,false,0.88
"Pheasant, common",116.554665,40.570338,-328758742,0.13,true,0.85
"Ibis, glossy",37.7673912,55.5807611,-432754072,5.0,false,0.68
"Bear, sloth",111.6243377,-7.4207981,-1304011022,0.1.4,true,0.86
"Otter, cape clawless",120.6775054,23.9179637,48897272,0.12,false,0.32
"Shark, blue",-58.7186017,-34.5903621,-585863063,4.7.0,false,0.56
Roseate cockatoo,99.0349977,2.2155425,768636801,0.82,false,0.13
American marten,125.358562,12.269743,-373596228,0.1.1,true,0.34
"Spoonbill, white",-5.8855146,43.5414515,-1624030165,6.69,false,0.2
"Squirrel, antelope ground",122.207215,29.985295,137669693,9.8.8,false,0.75
"Fox, cape",41.7374739,43.4265165,506476303,9.4.4,true,0.51
Chestnut weaver,111.850777,30.02598,-2012314737,8.1,true,0.5
"Cormorant, neotropic",110.044106,40.576319,-1235022573,9.48,true,0.3
Striated heron,101.3431058,24.4752847,-1662435934,4.9,false,0.76
Western spotted skunk,-47.3853435,-22.3595631,-514462912,7.2,true,0.42
Ring-tailed lemur,116.653793,38.705449,-1051637705,0.99,false,0.11
Nile crocodile,25.4852012,-30.6161448,-200794281,2.6.2,true,0.53
White-throated toucan,42.9174509,43.3911349,-122130259,0.2.5,false,0.14
"Creeper, black-tailed tree",106.8329412,-6.3007596,-801924095,6.4.9,true,0.13
"Rhinoceros, white",1.4784611,49.0915297,-1808341713,5.00,true,0.29
Great white pelican,-66.6168821,10.4662629,-984230771,1.5.6,true,0.89
"Goose, cereopsis",121.834345,17.263531,-1614318502,3.79,true,0.79
Mississippi alligator,79.9115522,6.9782137,-2036699425,7.0,false,0.78
Mississippi alligator,-7.5572231,9.5188754,-1900094244,0.95,false,0.32
"Turtle, eastern box",20.0598549,39.7271767,-654551924,3.6.5,true,0.85
Southern elephant seal,-77.49498,1.5156,-789586539,2.57,true,0.24
African snake (unidentified),121.4737021,31.2303904,-825358679,3.7,true,0.11
"Sandpiper, spotted wood",53.767778,56.42,-1261073210,5.5,true,0.15
Cattle egret,112.558133,37.858628,-2126171434,3.0,true,0.1
African elephant,17.5857567,49.5271178,-1998911533,4.9.1,false,0.64
"Jackal, indian",115.2096864,-8.6738819,-357736862,0.90,false,0.25
Little heron,101.414709,37.507694,174940312,0.1.0,false,0.3
"Stork, openbill",131.978812,43.800779,-179838538,4.5.9,true,0.15
European badger,100.3573891,5.3523231,-2049728517,2.6.1,true,0.57
"Wallaby, whip-tailed",20.1945283,45.0575208,-1019342981,5.8,true,0.58
Monitor lizard (unidentified),101.7523854,16.9023422,-1306809073,0.8.3,true,0.82
"Heron, little",111.945153,28.018107,21136828,4.14,true,0.17
Kelp gull,-149.33333,-17.53333,10625988,9.6.3,true,0.13
"Cormorant, little",116.165484,-8.6677026,-553926437,0.5.6,false,0.14
Tayra,44.7810683,40.1366726,-73262621,7.5.2,true,0.3
Asian lion,106.8548083,-6.2291489,-1188159173,0.25,true,0.77
Arboral spiny rat,104.5451903,18.1811952,-199560457,2.75,true,0.57
"Peacock, blue",-8.0022034,41.3869496,-634893824,0.72,false,0.62
Old world fruit bat (unidentified),117.924148,31.304274,-873892063,2.43,false,0.23
Groundhog,-48.5637543,-22.472994,-381035752,0.9.5,false,0.73
"Heron, giant",-46.4617086,-23.668163,-1850916395,0.2.0,false,0.57
Swallow (unidentified),-89.0800227,17.1522786,-786207099,0.65,true,0.28
"Elk, Wapiti",-27.281743,38.67387,-1213106122,3.88,false,0.67
"Shark, blue",22.7850797,51.2250373,522878134,2.79,true,0.41
"Seal, common",36.5028259,52.3992802,-421428438,9.36,true,0.49
"Seal, northern elephant",-78.4695111,-5.6202503,296970263,9.19,false,0.9
Jaguar,123.5982956,13.0730815,-348707598,2.25,true,0.22
South African hedgehog,-6.6633404,53.2492381,522047881,2.9.8,false,0.5
White-throated monitor,110.3189662,-6.9901702,429142716,5.89,false,0.58
"Stork, greater adjutant",115.484454,33.86,-453674399,9.6.2,true,0.24
Tiger,104.677091,30.108216,-283337296,6.8,true,0.66
"Capuchin, brown",-64.1123359,-18.4902959,483475936,8.1,true,0.47
"Kudu, greater",121.085794,29.919421,-1470337095,0.82,false,0.3
Gray heron,79.855399,37.08828,526345087,0.76,false,0.15
"Bear, american black",21.0023004,43.6173787,95616331,5.25,true,0.88
"Vulture, oriental white-backed",16.8557453,44.0461726,-1115709542,0.57,true,0.81
"Baboon, savanna",124.3690673,9.6522451,435617913,1.7,true,0.59
Common green iguana,-70.647842,-13.88991,-1402685461,0.34,true,0.83
Slender-billed cockatoo,111.692186,35.287727,-544735119,3.6.1,false,0.69
Steller sea lion,44.2673774,40.1518048,470566682,6.04,true,0.71
Horned lark,-80.2711588,-3.4949817,-303955504,8.5.5,true,0.17
Common melba finch,120.04619,35.872664,-749746873,0.5.1,false,0.28
Mourning collared dove,41.7838101,41.815997,-1233105516,5.97,true,0.45
Glossy ibis,120.9921722,14.5024732,-1458247527,1.7,false,0.73
White-bellied sea eagle,-72.019989,-13.68828,-1124446444,0.88,false,0.41
Meerkat,108.8076195,23.7247599,-585621249,9.0,true,0.76
"Stork, white",112.0647,-6.9936,-1853128403,5.88,false,0.37
"Macaque, pig-tailed",116.0761121,5.9840985,-1041594368,4.3.8,true,0.54
"Rhea, gray",36.0269813,49.7938443,-1178075697,8.2,true,0.79
Slender loris,-12.3714463,25.1434095,281856968,6.52,true,0.21
Tsessebe,121.7170078,17.6282027,917802286,0.98,true,0.27
Swallow (unidentified),-82.5834947,8.8729633,411806415,0.2.7,false,0.24
Horned puffin,114.174463,22.279062,-1119743242,1.3,false,0.33
Saddle-billed stork,121.4256292,13.9192331,-564375484,2.0,false,0.23
"Marmot, hoary",123.220598,48.433225,630009425,5.8,false,0.71
"Hyena, brown",38.0011402,55.9240189,-1806768699,5.39,true,0.32
"Lion, australian sea",107.346448,-6.3045618,-2008738821,8.4,true,0.21
"Corella, long-billed",1.5693759,42.7981285,-31666225,0.88,false,0.78
Gray rhea,-7.8148208,39.5093131,-1164757133,6.0,false,0.57
Red-necked wallaby,4.0430608,44.1946802,-540260124,9.4,false,0.79
Burrowing owl,-76.1660561,-6.9970846,69412935,3.9,false,0.41
Ovenbird,34.458641,-13.7795533,-1322774285,0.9.4,true,0.44
Agile wallaby,-42.8572386,-4.5848377,-1548743163,7.46,false,0.45
Bushbuck,125.939697,41.728401,-481175720,4.9.6,true,0.86
"Fox, grey",34.97063,32.18966,-1774433251,5.71,false,0.86
Elegant crested tinamou,99.222336,25.905283,-1553179418,7.02,false,0.25
Brown hyena,121.0186949,14.5491865,-652245561,0.3.4,true,0.24
Defassa waterbuck,111.9000827,-8.0397618,-136450425,8.1,false,0.22
"Kookaburra, laughing",43.8736157,44.4140877,136728523,0.2.3,true,0.66
"Goose, cape barren",111.709662,32.762022,-246900340,7.30,true,0.2
Ring-tailed lemur,-42.0792577,-21.6704167,23225044,0.7.8,false,0.17
Red-tailed phascogale,17.0263373,52.476835,-550783107,6.22,false,0.39
Superb starling,109.0809868,-7.3519383,152144770,7.70,false,0.4
Red phalarope,48.1523426,40.7871438,-788848233,6.13,false,0.78
"Phalarope, red-necked",-77.3286111,18.0622222,478077631,1.8,false,0.13
"Moccasin, water",105.570955,31.688228,812948544,0.5.5,false,0.63
Savanna fox,6.4903141,12.8776754,-282231615,1.86,false,0.52
Woylie,119.7889248,33.1401715,955440824,6.12,true,0.37
Bleeding heart monkey,18.9491117,49.5503369,-1617881894,5.9.8,true,0.35
Crowned eagle,22.7767899,57.033151,-1214467060,0.8.5,false,0.85
Urial,-77.583333,-6.05,-2031246643,7.2,false,0.14
"Wolf, common",43.3478599,45.8697083,-833206934,2.39,false,0.35
"Trumpeter, green-winged",120.431234,33.378118,-716905884,9.0.8,true,0.74
"Waxbill, black-cheeked",5.8978018,43.4945737,-1855009998,0.4.5,false,0.58
"Jackal, asiatic",12.0134068,57.6613265,105358436,0.73,true,0.87
Yellow baboon,-98.7623874,20.0910963,-701424722,2.9,true,0.23
"Dove, galapagos",115.969501,23.764143,-1948112968,0.2.6,true,0.27
White spoonbill,120.7511781,40.797661,518673518,6.5,false,0.11
"Rabbit, eastern cottontail",17.8425299,59.3673245,-97251334,2.0.2,false,0.77
American woodcock,123.8545713,8.235581,-1356473009,7.8,false,0.58
Eastern white pelican,-58.694037,-34.6809602,878736698,4.12,false,0.71
"Squirrel, palm",114.723904,38.320362,224916906,0.8.4,true,0.62
"Starling, greater blue-eared",106.137293,34.749864,771650871,0.4.8,false,0.48
"Moorhen, purple",19.2533342,52.7489266,103406668,9.11,false,0.15
Pampa gray fox,121.567646,31.067673,376011312,0.92,true,0.38
"Waxbill, black-cheeked",89.108299,30.073805,683523160,8.1.5,true,0.24
"Bustard, stanley",95.6799816,16.2850333,-978006349,7.28,false,0.68
Canadian tiger swallowtail butterfly,47.3722118,54.2907459,-1603380832,0.5.4,false,0.28
Civet (unidentified),26.67672,-26.99776,236560166,6.12,true,0.74
White-mantled colobus,-66.9571026,10.3696393,-2024209682,0.3.4,false,0.78
Water moccasin,-49.4745059,-28.7477963,-445573674,6.21,true,0.62
"Shrew, mandras tree",30.2512315,62.4931114,-1689248130,9.73,false,0.72
"Goldeneye, barrows",135.606399,34.771214,-1388666659,1.3,false,0.34
Black-throated cardinal,2.39851,48.792001,271270687,1.64,true,0.23
"Tenrec, tailless",-53.929557,-28.3833642,-1612991997,4.0.5,true,0.28
Rhesus macaque,15.8724103,46.160492,-1284939124,5.64,true,0.85
"Seal, harbor",112.122426,32.009016,-2011704593,9.8.0,false,0.6
"Screamer, southern",-64.2123183,-31.4753699,-1599502876,2.7,false,0.69
"Hartebeest, red",-97.8367954,22.2016816,-743336336,7.5.4,true,0.25
"Squirrel, pine",20.6898971,40.6098385,-2136210803,1.02,true,0.74
Western spotted skunk,-83.1702597,22.9081486,-745186530,0.7.5,true,0.24
Groundhog,120.585289,31.298974,-805373362,7.1.8,false,0.43
"Capuchin, black-capped",9.65523,59.1395,-262731276,7.2.8,false,0.34
"Bettong, brush-tailed",13.2588145,59.8445787,-326148648,0.4.8,false,0.62
"Sifaka, verreaux's",30.0368231,48.8295792,752571288,0.7.9,false,0.26
Yellow-crowned night heron,-55.2314448,-34.7791734,-1235031043,2.74,true,0.75
Amazon parrot (unidentified),106.3787583,10.2493969,-1709643138,6.7.5,false,0.66
"Wolf, timber",16.2304168,50.4333399,-2015507992,8.0,false,0.87
Tokay gecko,90.1194227,23.6150659,811006137,3.9,false,0.4
"Deer, savannah",44.41454,16.70056,-1186501474,0.6.0,true,0.64
Long-finned pilot whale,21.3300873,41.0377245,413844184,2.0,true,0.88
Blue-breasted cordon bleu,42.27111,54.76778,-1138914049,0.7.1,false,0.14
"Boa, emerald green tree",-99.1015181,16.9704996,-1952914747,2.01,false,0.22
Dabchick,112.573483,30.692993,-2097262578,0.2.2,false,0.68
Blue-faced booby,111.0631793,-6.612633,-1066184279,5.0.5,false,0.52
"Jackal, black-backed",-66.9094499,9.7912231,857711892,0.2.6,false,0.18
"Goat, mountain",105.9670501,-6.2060317,-1366813938,4.4,true,0.81
Hoary marmot,1.3951553,43.8273805,520729890,7.62,false,0.15
"Turkey, common",112.7211714,-8.3083083,-777600324,8.80,false,0.31
Grey fox,25.9053209,43.7979981,-691726320,0.35,false,0.53
Long-billed cockatoo,31.1366715,30.1321408,-384657520,9.3.5,false,0.38
Green-winged trumpeter,14.9136917,46.7803082,-1966625079,4.8.3,true,0.59
Southern elephant seal,143.6474817,-6.1493907,-996526937,4.80,false,0.19
Spotted deer,-104.98,39.74,145365811,0.1.2,true,0.71
Wood pigeon,21.66245,47.4936583,-143476361,2.71,true,0.65
"Heron, giant",121.712226,14.714943,-1581984975,1.5.8,false,0.6
Puma,-96.50029,49.51688,752393175,0.1.0,false,0.5
Frog (unidentified),122.830067,14.156592,-2157780759,3.91,false,0.59
Great horned owl,-47.4916674,-18.7307117,137086472,4.08,true,0.77
"Deer, black-tailed",27.3733989,-27.0007882,334167254,3.6.4,false,0.14
"Crane, black-crowned",41.1600688,45.4885295,693876803,9.2,true,0.87
Spotted deer,124.301366,9.61666,-1832622305,7.6.9,true,0.66
Rainbow lory,120.487985,15.6627727,507582317,6.7.6,true,0.67
"Fox, arctic",-43.6644238,-19.8852788,-1505007601,0.4.5,false,0.17
Southern tamandua,-74.883823,10.898923,-331733493,6.4.0,false,0.87
"Blackbird, red-winged",117.251076,34.253164,254063245,9.91,true,0.39
Pig-tailed macaque,133.5697428,34.0055653,-2152946805,0.44,false,0.21
Prehensile-tailed porcupine,116.144136,28.654639,-2105674935,4.0,true,0.58
White spoonbill,-8.7050402,40.3984011,615993857,9.7,true,0.49
Grey lourie,19.0963213,53.4413995,763910263,5.5.5,true,0.69
Racer snake,98.9989307,18.7744983,850173984,4.4.3,true,0.16
Long-necked turtle,23.1084348,49.5508417,-571118226,0.4.2,false,0.43
Asian water dragon,16.6009592,49.9776418,-1465931789,2.17,true,0.9
"Grouse, greater sage",122.6430631,13.4345789,-1694466861,0.5.4,true,0.87
"Eagle, crowned",-73.6344979,11.2561208,337904072,8.5.7,false,0.27
"Dragonfly, russian",108.399785,-7.068917,-1816781643,0.30,false,0.18
Water monitor,105.3760604,20.0844095,-1259164292,0.5.9,true,0.61
"Boubou, southern",-5.9145568,34.9116774,-27476508,4.12,true,0.62
Lesser flamingo,112.734174,38.416663,-1823075516,0.84,false,0.33
Black-necked stork,105.7704551,20.7337728,-1661263552,0.9.2,true,0.51
Saddle-billed stork,101.9861694,20.690696,-1254360350,4.6.0,false,0.73
Hummingbird (unidentified),113.6917,-8.1814,-568044353,8.3.1,true,0.74
Galapagos penguin,-9.1007778,38.4784282,-214054247,7.9.5,false,0.24
Great egret,122.967904,14.13,-733229875,3.6,true,0.42
Eurasian red squirrel,-86.0886366,11.9704485,-1886164557,6.9,true,0.83
Southern boubou,12.7332992,56.0660092,376859326,9.91,true,0.62
Greater adjutant stork,54.9252541,56.2674828,-1042896718,0.2.7,false,0.36
"Kingfisher, pied",113.269441,26.709056,-1235054115,0.8.8,true,0.12
Australian sea lion,-55.6856213,-34.7503543,-248839009,6.2,false,0.69
"Goose, canada",25.2027,52.644,-435909414,0.2.1,true,0.51
Dassie,37.5293105,55.6971524,-811045755,0.3.1,true,0.34
Southern tamandua,35.263935,32.033607,-1448320864,0.27,false,0.69
"Trumpeter, dark-winged",120.9057,36.867795,-102663802,0.24,true,0.14
Red-billed toucan,124.734722,46.023082,-600228294,3.2,false,0.59
"Porcupine, african",-8.2745719,42.0876245,-1534498967,7.8.7,true,0.2
Thomson's gazelle,117.002933,35.302488,-1130634184,5.1.3,true,0.68
"Turkey, wild",112.7011258,-8.1924285,-32191400,0.3.1,false,0.38
"Dragon, komodo",25.5207204,35.3085456,-1636845372,9.0.3,true,0.17
Asian red fox,46.3271378,40.5895257,-1428867958,6.4.2,false,0.85
Flying fox (unidentified),-65.0604467,-42.7602412,-1833854347,8.56,true,0.51
Red-billed hornbill,-59.1078529,-25.7333842,225799321,0.2.8,true,0.54
"Hornbill, red-billed",107.6002254,-6.9604107,855279557,2.2,false,0.16
Killer whale,43.6039301,15.7030403,527248201,0.6.3,true,0.85
Green-winged macaw,23.1762739,62.2030006,-985716898,4.4,false,0.19
"Legaan, ground",125.4067749,41.7467513,582743272,2.04,false,0.68
Western spotted skunk,69.792969,24.741184,676705836,0.61,true,0.22
"Magpie, australian",107.762268,31.904326,-915002122,6.5,false,0.39
"Eagle, pallas's fish",120.86256,15.44485,-1713318856,0.92,true,0.87
"Phascogale, brush-tailed",116.5093719,-8.7765432,944457968,0.77,false,0.55
"Camel, dromedary",35.9396453,32.6434902,-2088405605,4.14,false,0.29
American beaver,19.893249,49.9787123,-1489156516,5.6.2,true,0.15
Ant (unidentified),-84.53,39.07,-371234328,1.17,false,0.67
Cape starling,106.2110311,-6.6327752,707631423,2.05,false,0.8
Impala,-72.858932,-15.18339,-974935338,9.38,false,0.42
"Wapiti, elk,",105.8736936,20.1564917,258511447,4.0.2,false,0.17
Greylag goose,121.0075554,14.5508865,-1277646515,0.4.5,true,0.81
"Wolf, mexican",-74.2120629,40.7132136,460589999,5.8,true,0.54
Collared lizard,122.4801854,10.6934511,-2033778157,4.51,false,0.79
Puna ibis,-87.58,38.03,817441637,2.1,false,0.61
"Boa, mexican",18.0232365,59.3362401,487017583,7.9,false,0.7
Bald eagle,112.500205,34.67985,-937176984,5.0.8,true,0.25
Potoroo,37.58333,55.7,-1999872110,9.7.9,false,0.57
"Fox, pampa gray",113.117269,39.202804,-840264515,2.2,true,0.46
"Stork, openbill",-75.479861,3.914099,-496557667,0.8.7,true,0.24
"Tortoise, galapagos",38.6043668,58.0312993,-312930431,3.37,false,0.76
Northern fur seal,19.0552361,45.5824038,148201767,1.33,true,0.41
"Tinamou, elegant crested",95.333197,29.325298,-1330625756,8.04,true,0.48
Indian peacock,1.5608271,50.398362,-423141443,0.61,true,0.11
South American meadowlark (unidentified),121.1140816,14.6062786,-517700975,2.8,true,0.29
"Darter, african",13.949255,58.1876217,-1307349700,7.30,false,0.44
Common langur,29.3812035,48.8139473,-1679275734,0.1.4,false,0.25
Japanese macaque,107.6462,-7.4331,-712747053,2.4.5,false,0.34
"Woodcock, american",28.2416397,57.8282585,-1031755641,8.07,false,0.13
Magnificent frigate bird,27.6566853,-26.3652019,-573753193,6.4.1,false,0.3
Cape white-eye,16.8791589,50.5251922,249104417,8.8.5,false,0.62
"Stork, painted",177.4504888,-17.6169957,-374804404,1.9,false,0.84
"Siskin, yellow-rumped",65.5826679,39.0427392,-788146893,0.9.3,false,0.4
"Brocket, brown",117.3028803,-8.9670697,-351180611,0.6.1,true,0.82
"Eagle, bateleur",113.39277,22.517585,-946565941,4.12,true,0.64
"Wolf, common",35.0063209,29.5320522,-595634646,0.5.0,false,0.76
Cobra (unidentified),107.5176489,-7.0258756,-332474728,6.77,true,0.6
Raccoon dog,118.796877,32.060255,-1932178124,0.21,false,0.21
"Otter, cape clawless",106.701673,-6.2855885,-1246370074,0.4.8,true,0.9
"Crane, wattled",-70.1473203,18.2604623,-1999279513,0.27,false,0.36
"Jackal, asiatic",18.1870189,49.9469881,-603090331,0.4.9,false,0.32
"Crane, brolga",88.880492,29.270311,-1871449607,1.5,false,0.36
Whip-tailed wallaby,20.7180021,53.032343,-1692269365,1.75,false,0.89
African pied wagtail,122.981075,10.8780876,-1604821836,5.22,false,0.79
Jaguar,60.34556,41.535,-1475975520,0.4.9,false,0.68
"Phalarope, grey",-51.3064462,-22.2188934,41870114,0.2.9,false,0.61
Red-billed toucan,44.3614875,33.3128057,-765172815,0.9.4,false,0.47
"Nuthatch, red-breasted",4.0644352,11.6497994,548957352,9.50,true,0.19
"Whale, killer",115.75,-3.283333,662224730,0.6.5,true,0.76
"Fox, silver-backed",-43.4876311,-19.9454604,-996921218,2.18,false,0.75
"Falcon, prairie",101.5957199,3.205886,872205964,5.89,false,0.61
"Corella, long-billed",12.9608246,-5.0077715,-917558735,0.9.6,true,0.73
"Fox, blue",124.411343,41.96014,783632859,2.2.8,true,0.12
"Crane, black-crowned",7.233333,12.866667,-849753310,0.67,true,0.39
"Badger, honey",116.642424,23.528764,604961588,0.35,true,0.71
Spectacled caiman,113.273288,23.157289,-690026785,8.2,true,0.56
African lynx,119.692696,29.099294,-17359456,6.4,true,0.52
White-winged tern,20.737591,39.1505158,-1756464693,3.0,true,0.39
"Porcupine, crested",125.3462629,43.9071313,-1613361299,2.8,true,0.73
Northern phalarope,111.3769,-6.9661,-698009510,0.73,false,0.48
Genoveva,-99.0598732,19.782027,-592160234,0.57,true,0.57
"Squirrel, african bush",119.39402,32.388662,-991562408,0.7.9,false,0.78
Western palm tanager (unidentified),-0.705779,5.5298168,-1969986446,9.78,true,0.38
Red-tailed wambenger,120.434071,37.355469,-323758224,8.8,true,0.77
Kaffir cat,127.50778,37.29167,338482543,1.92,false,0.31
"Goose, snow",4.8096702,45.7173944,-1457656187,0.23,true,0.19
"Zorro, azara's",52.6146057,27.472075,-1462781393,6.1.3,true,0.14
River wallaby,15.3884817,46.5402775,54337208,0.63,false,0.52
"Pelican, brown",124.4031833,-9.821088,722754486,9.01,false,0.75
Golden eagle,20.3992492,50.3197113,962423371,0.94,true,0.61
Glossy ibis,113.778639,26.480043,-699402,9.2.4,true,0.31
Brush-tailed bettong,126.03028,39.86722,621390353,0.61,true,0.33
"Jackal, silver-backed",117.044081,27.330904,892997092,3.09,true,0.38
"Deer, roe",114.045809,38.103168,-2100726068,1.6,true,0.3
"Deer, barasingha",110.738098,30.501816,-1660784793,0.32,true,0.83
Little blue penguin,14.20222,52.87925,-742081665,0.6.7,true,0.84
Blue crane,27.7095936,60.5848255,19814960,2.43,true,0.88
Sloth bear,44.4410909,40.0634518,-2083601036,0.37,true,0.16
"Heron, gray",-101.3565,51.22999,52562893,9.7.3,false,0.85
"Rhinoceros, black",121.0188552,14.4958564,-1793190557,5.91,true,0.3
"Goldeneye, common",31.9416226,-26.4417804,-963077442,1.8.1,false,0.26
Cape white-eye,-15.2589778,13.4686603,-2091233126,0.4.6,true,0.61
Swainson's francolin,117.4086488,-0.6349893,-960663456,0.7.7,false,0.18
"Plover, three-banded",119.8699982,-0.891834,898509556,6.7.1,false,0.61
Secretary bird,-67.7134201,-37.7758475,-1006015027,0.15,true,0.58
Southern sea lion,-41.6809724,-14.1968614,706314832,9.4,true,0.12
African fish eagle,34.9798944,54.4911487,-112789070,5.0,false,0.3
Indian tree pie,2.5726619,45.494149,-559626557,9.5.8,true,0.45
Carmine bee-eater,72.9660737,50.0509609,-303496243,8.6,true,0.79
Tokay gecko,-8.3143192,31.2393596,-485144906,2.95,true,0.14
"Cat, european wild",107.9833112,-7.1684722,-816218573,0.5.5,false,0.66
Lapwing (unidentified),112.98787,30.830775,-1970249482,3.1,false,0.87
White-tailed deer,44.4777899,48.816388,163753792,0.3.2,false,0.5
American badger,108.103677,-7.361477,-1615868484,0.3.7,false,0.55
"Sparrow, house",39.2985684,-5.725856,-1791407144,3.3.0,true,0.79
"Plover, three-banded",18.0807417,59.2992508,-282118916,0.49,true,0.12
Long-billed corella,2.3645084,48.9105576,-1773214307,6.49,true,0.47
Hummingbird (unidentified),39.3024611,-10.3280255,-2114956818,6.47,false,0.8
North American river otter,-69.2888011,18.4668424,-471925884,2.6.9,true,0.78
Southern sea lion,106.6948015,-6.3235522,-638079871,0.46,false,0.77
"Fox, arctic",-87.0299433,12.5679446,-2087591728,0.7.8,true,0.73
"Pintail, white-cheeked",126.5311884,33.4996213,-1668575926,5.4.1,true,0.24
"Skink, african",31.6682347,9.5279875,47945382,0.39,false,0.23
Serval,118.368684,25.702973,-2141098779,6.2.8,true,0.34
"Squirrel, grey-footed",110.947043,22.354385,393217951,5.4.5,true,0.13
"Skunk, western spotted",24.0077427,37.9703906,331050601,0.87,true,0.14
"Antelope, roan",-74.1406654,45.4585439,-598035588,7.3,true,0.63
Mudskipper (unidentified),122.890937,10.1765144,-837001786,0.15,false,0.2
"Cormorant, great",107.7215969,16.1797497,-270266730,0.66,false,0.63
Great white pelican,21.4937201,54.0809529,-630392308,0.2.8,false,0.84
"Lizard, mexican beaded",68.8663,33.24001,-1318339501,5.3.0,true,0.51
Cheetah,115.84573,23.028301,-514616632,7.9,false,0.3
Cape starling,38.4094028,46.7604507,-24607020,0.6.5,false,0.72
"Turtle, snake-necked",51.3865431,51.227821,-1502906367,8.1,true,0.88
Bengal vulture,126.065213,9.939624,-1552166687,0.2.1,false,0.55
Andean goose,113.29083,23.1350488,-1932406912,0.3.8,true,0.55
Southern screamer,126.0755806,6.6560144,-1876481886,0.92,true,0.5
Crowned hawk-eagle,112.6034763,-8.0509691,-980032217,0.9.3,false,0.16
Black-eyed bulbul,101.9062829,-1.3793386,-1131743654,0.8.4,true,0.83
Wood pigeon,48.5100604,39.2051632,-644301261,1.3,false,0.53
White-faced tree rat,15.0197682,50.2770333,-927443832,0.7.9,false,0.86
Bohor reedbuck,117.167673,32.968455,-472099267,4.2,false,0.46
"Starling, cape",120.4157561,15.8279992,-2163717601,3.48,false,0.25
Bushbuck,112.469023,34.683646,-31188542,6.98,false,0.46
Crowned hawk-eagle,39.3949398,46.5875931,476944828,0.30,false,0.17
"Monkey, rhesus",22.249713,40.5511823,-569124584,7.20,true,0.25
Dusky rattlesnake,120.997522,14.5473421,359298236,0.90,false,0.55
"Lizard, blue-tongued",-58.3736215,-34.7569609,734535790,7.0,false,0.82
Pacific gull,10.383479,43.5377939,-188735510,2.99,true,0.35
Laughing dove,117.100087,39.138304,425263938,6.05,false,0.3
"Wallaby, red-necked",35.20329,32.3206,-950281940,3.0,false,0.72
"Hornbill, leadbeateri's ground",-87.6112325,15.6019543,114927822,7.9,false,0.34
Sally lightfoot crab,100.0501736,15.429396,-784898735,0.60,false,0.8
Carpet snake,11.1234198,49.4418055,602734034,0.32,false,0.7
"Eagle, tawny",-76.415465,3.22059,272705911,0.89,true,0.36
Agile wallaby,107.7428952,-6.5000633,773125474,0.43,false,0.53
Vine snake (unidentified),18.4529131,60.2638215,-1949544414,1.5.9,true,0.58
"Lion, california sea",117.268835,36.331344,-1407268400,0.4.7,true,0.73
"Rat, white-faced tree",112.0178286,-8.1855421,853406879,9.87,false,0.38
Common boubou shrike,134.067383,35.10456,947284291,0.75,true,0.22
Darwin ground finch (unidentified),13.295139,50.1285625,425120966,7.2,true,0.8
Comb duck,123.5988052,-10.2024984,-1799606369,6.0.8,true,0.2
"Lizard, giant girdled",8.8583309,11.5484585,-712608154,0.5.6,false,0.11
Vervet monkey,19.771335,44.8245862,-1909605891,0.45,true,0.62
"Stork, painted",-101.4423451,20.9455701,-1964257656,0.6.3,true,0.72
Blue crane,121.341969,30.741991,21976803,1.4.1,false,0.86
Blue-footed booby,107.1419766,40.8833166,-2154551874,7.2.8,true,0.32
"Possum, golden brush-tailed",121.0108932,14.5659717,709304351,9.2.1,false,0.48
Goanna lizard,104.04787,20.4170831,-181378067,1.9.6,true,0.23
Pied avocet,38.39782,46.64968,-453088486,6.82,true,0.62
Woodrat (unidentified),102.188043,38.520089,235140817,8.8.0,true,0.37
Purple moorhen,107.5087328,-6.8128491,-1068955213,0.15,false,0.73
"Fox, grey",121.5194667,31.2278735,-1558642097,7.7,true,0.45
"Rat, arboral spiny",18.470633,-34.0736398,874772777,3.8,true,0.69
Cape white-eye,21.3607894,41.0423985,85622372,5.2,true,0.42
"Snake, carpet",110.6757556,-6.6605307,-886761770,0.29,true,0.78
Galapagos tortoise,-95.8243956,29.7857853,-321221956,0.4.6,true,0.58
Chameleon (unidentified),-7.5547842,38.8022635,-404333377,2.2.9,true,0.88
Giraffe,101.7178316,3.1523104,457348340,4.3.4,true,0.75
"Flamingo, lesser",118.839685,31.953702,-1387448263,0.7.3,true,0.32
"Porcupine, african",124.3654402,-8.3162857,-1613730707,0.3.2,true,0.18
"Whale, killer",99.161761,25.112046,481973294,9.5.8,false,0.58
Red sheep,-116.2,43.61,-1912025191,0.10,true,0.69
Steller sea lion,140.3748668,38.3559764,-170981882,5.6.9,true,0.9
"Starling, red-shouldered glossy",-100.99669,49.26811,522658325,7.67,true,0.59
"Crane, sandhill",115.1829629,-8.6842819,214768431,1.33,false,0.35
Helmeted guinea fowl,123.7414,-8.2284,640291044,7.7,true,0.39
Red-tailed wambenger,117.924148,31.304274,809644847,8.9,false,0.76
"Sandgrouse, yellow-throated",12.2839583,57.1140206,-1042459310,0.8.8,false,0.54
Eurasian beaver,107.349803,24.176656,-401514685,8.80,false,0.56
"Moccasin, water",112.2205183,-6.9665934,583657448,2.2,true,0.63
Red phalarope,8.9714623,44.3972703,-910120252,0.16,false,0.4
Margay,-7.8500816,41.4037275,-1103018055,6.5,true,0.54
Australian sea lion,-1.6807958,48.1504081,-1134881262,2.7,false,0.39
Two-banded monitor,37.585677,55.8930684,-968760089,3.9,true,0.87
Sulfur-crested cockatoo,20.94789,49.62406,-364079698,1.4,true,0.41
Coke's hartebeest,-84.5507433,33.9491123,-1973376217,0.8.5,true,0.14
King cormorant,44.3668052,13.6192978,230503961,0.2.1,true,0.43
White-mantled colobus,129.591591,44.596097,-1669137918,0.23,true,0.32
Western lowland gorilla,115.464589,38.874434,-248810025,6.7,false,0.31
Snowy egret,-78.5717631,-0.5107264,-334149230,1.7,false,0.12
"Baboon, chacma",-8.2996637,37.1264754,-667843390,8.7,true,0.48
"Porcupine, crested",24.0942729,53.0358086,87347056,7.2.1,true,0.27
American crow,32.5498069,29.9668343,-213886426,0.76,false,0.73
Red-necked phalarope,117.531622,32.874735,805218887,0.82,true,0.73
Mountain duck,5.8978018,43.4945737,-1565548751,0.4.1,false,0.4
Orca,-78.654646,-1.6635508,-1196403932,0.75,false,0.65
"Beaver, north american",-47.3853435,-22.3595631,749912655,4.6.1,true,0.51
"Porcupine, indian",-7.9536382,41.2529921,-1723259349,0.1.3,true,0.37
Amazon parrot (unidentified),121.586713,16.879252,881715858,1.6,true,0.8
"Sloth, pale-throated three-toed",113.993115,22.974898,-1915346631,2.6,false,0.52
Greater roadrunner,119.569989,32.434672,390738588,0.34,true,0.55
Water moccasin,13.8477121,-11.2122554,-2135115275,6.36,true,0.39
Kori bustard,-78.1507423,0.0319573,716035468,1.07,true,0.75
Red meerkat,27.776119,42.239717,-1520328706,0.5.4,false,0.59
Laughing kookaburra,34.332233,47.251733,186566523,6.2.6,false,0.79
"Hartebeest, coke's",122.5402486,11.1228862,-620843705,6.40,false,0.78
"Tern, white-winged black",112.3695412,-7.620317,380116873,0.81,false,0.37
"Roller, lilac-breasted",41.0711197,60.0203894,-1199244533,1.72,true,0.61
"Salmon, sockeye",7.1090932,51.561779,-1427064919,8.6,false,0.13
"Flicker, campo",118.674614,37.433963,-159980867,0.74,false,0.9
Ring dove,-68.5173853,-31.5868009,-1136870263,0.25,true,0.52
"Beaver, american",-73.822663,8.665089,465086675,1.94,false,0.82
"Godwit, hudsonian",-6.9140788,53.169971,-324768348,9.06,false,0.57
Onager,106.4385875,49.2575136,-2070742761,0.4.9,true,0.56
Indian jackal,109.144929,29.67832,657618395,9.5.4,false,0.31
"Vulture, egyptian",118.9353968,29.5530941,-245957547,0.90,true,0.14
Little blue penguin,108.4098014,-7.7071613,-1498889528,1.1,false,0.35
Eastern grey kangaroo,-8.3219318,41.3905327,-1499839124,0.99,true,0.26
"Squirrel, antelope ground",106.56882,20.55832,-226177378,2.6,false,0.43
Pocket gopher (unidentified),45.2711048,40.1442308,-1957767269,0.7.1,false,0.46
Sockeye salmon,112.555087,27.756339,-744589883,1.0.0,true,0.17
"Stork, greater adjutant",105.8711861,20.579097,-653885208,0.14,true,0.12
Glossy starling (unidentified),18.492437,51.748067,-77265005,0.8.8,true,0.5
Aardwolf,122.836723,41.985186,129846169,1.5.4,false,0.8
Eastern boa constrictor,113.930475,22.533012,-950049164,0.31,false,0.75
Defassa waterbuck,113.7037797,-7.0655878,220003422,0.9.0,false,0.11
"Seal, northern fur",29.9194439,59.538889,939286128,9.9,false,0.2
"Jacana, african",-73.960233,10.148976,-1759531282,8.56,false,0.81
"Kudu, greater",62.5102237,52.8303055,426169261,0.1.8,false,0.46
Hoary marmot,113.093384,22.58405,831547099,2.76,true,0.85
Scaly-breasted lorikeet,124.9386692,10.6365464,-1963580554,0.36,true,0.34
"Sungazer, yellow-brown",99.679493,22.493937,-82999184,1.5,false,0.76
Galapagos sea lion,96.769073,40.513357,-1124448407,3.6,false,0.17
"Baboon, chacma",111.1950767,-6.7332152,-1857954652,0.6.1,false,0.46
"Puma, south american",35.9283716,31.9453666,914919226,0.2.1,true,0.33
Common eland,113.273288,23.157289,224675660,0.40,false,0.66
Malachite kingfisher,18.3229434,59.4953899,-1931999885,8.7.7,true,0.3
Western grey kangaroo,-43.0971625,-12.5896471,-504824164,0.25,true,0.68
"Wombat, southern hairy-nosed",120.2326771,32.240853,962845110,9.6.5,false,0.57
Prairie falcon,111.9161,-8.0993,369548069,2.6,true,0.6
Black curlew,108.3655011,-7.3260543,-1676663615,0.86,false,0.56
"Dragon, western bearded",124.8405081,1.3229337,612736068,5.78,true,0.69
European red squirrel,9.9744535,7.2576942,-629959091,0.18,false,0.77
Greater rhea,121.0425592,14.6208802,-724040163,5.82,true,0.72
"Quail, gambel's",33.9303991,1.1016277,626744229,3.7.2,true,0.5
Blue racer,120.013991,30.66044,-858555032,8.36,true,0.68
Red lava crab,27.2373159,31.3543445,-408138316,6.6,true,0.84
"Lizard, giant girdled",59.7081271,58.8995628,-202364247,0.35,true,0.44
"Dragon, ornate rock",94.8779969,20.4593254,-2134408763,0.1.3,false,0.75
"Sunbird, lesser double-collared",107.8346924,21.1062206,-1875813494,9.8.5,true,0.68
Numbat,43.0704759,15.2170207,673225845,0.2.9,false,0.24
"Monkey, bleeding heart",151.2092955,-33.8688197,-1549437503,0.98,true,0.64
Agile wallaby,47.6885743,53.5460327,-928630909,1.0,true,0.6
Black swan,119.843271,16.360983,-993620029,6.4.6,true,0.57
"Vulture, griffon",-50.863384,-21.224741,405737525,1.58,true,0.24
Red howler monkey,37.618106,55.780902,-334566082,7.1.1,true,0.62
"Dove, mourning collared",107.5413039,-6.8840816,-2160897975,3.11,true,0.46
Cattle egret,-9.3435691,38.7222088,-538398356,7.2.0,false,0.31
"Heron, little",51.5020158,54.659677,-705502888,7.5.6,false,0.25
"Weaver, red-billed buffalo",112.896606,23.156045,-1190231882,0.89,true,0.42
"Snake, western patch-nosed",20.3941836,40.7065855,-1406865439,5.1.3,true,0.22
"Frogmouth, tawny",109.482752,28.178059,-1464293588,1.85,true,0.69
"Bear, polar",123.4665442,13.2648001,634858576,9.9,true,0.37
"Roller, lilac-breasted",121.4022181,14.4450355,36281770,3.3.2,true,0.69
Ring-tailed gecko,18.091186,59.4527156,131269018,1.7,false,0.37
Black-backed jackal,114.392392,36.097577,-2157410998,0.7.4,false,0.75
"Mongoose, yellow",121.0286633,14.4730694,-215445711,0.1.5,false,0.53
Jaguar,90.129524,61.609528,-1633047276,1.2.4,true,0.63
Sandhill crane,111.5840933,-6.6966609,723345240,0.7.6,false,0.31
"Tortoise, galapagos",-3.8235525,37.7801069,-1355879835,1.44,true,0.78
"Gull, swallow-tail",109.690434,20.953123,449944518,4.7,true,0.72
"Dragon, netted rock",6.5463156,9.5835546,-896669106,1.65,true,0.84
"Buffalo, american",10.67397,35.70915,287412776,6.3,true,0.45
Common wolf,101.123729,34.240577,669725223,9.8,false,0.23
Chital,75.99379,39.467685,-53289568,4.6,false,0.24
"Kangaroo, western grey",2.2760839,48.8809869,-1636353056,0.7.7,false,0.61
Puku,10.4024274,63.4400274,-768892083,6.70,false,0.54
"Chickadee, black-capped",14.293561,49.7880079,-1345275973,3.8,false,0.88
"Kiskadee, great",102.743811,25.015105,906033672,0.53,true,0.33
Pine snake (unidentified),18.0725818,59.5336088,-1882932190,9.2,false,0.49
"Rat, desert kangaroo",14.4813772,49.3967841,-1820751816,0.55,true,0.63
"Glider, sugar",107.5593913,-6.4146234,-989273488,0.5.3,false,0.5
"Tern, royal",112.007814,23.07555,-340556732,4.33,false,0.54
White-necked raven,123.85681,10.277766,-2165614206,3.7,false,0.8
Platypus,40.2177807,55.6768605,431401936,9.0.9,true,0.25
Brown brocket,16.7806658,45.9380817,-812392856,8.4,false,0.86
Yellow-bellied marmot,107.901989,-7.2157251,-967749047,0.7.5,false,0.57
"Porcupine, indian",113.056042,23.681774,-1064979947,6.48,false,0.27
"Phalarope, red-necked",37.8563,50.4827,948752166,0.33,false,0.22
Carpet snake,19.6460758,41.786073,400734749,8.0.4,true,0.72
Palm squirrel,-43.9352376,-19.9245018,-765313880,6.5,true,0.83
Pale-throated three-toed sloth,71.75213,29.57991,-171019489,3.0.2,true,0.62
Long-tailed spotted cat,48.4345577,41.4266886,260480367,5.0.6,false,0.86
"Iguana, common green",-67.6274785,10.29041,728218083,0.26,false,0.24
Arctic tern,7.7424053,48.5271841,-1740705989,0.27,false,0.11
Bird (unidentified),47.7403034,40.6236168,-672527204,9.0.8,false,0.54
Giant heron,115.190725,30.762716,-1607234870,8.8.5,false,0.36
Egyptian goose,112.9937015,28.0955558,-2054124178,0.9.3,true,0.9
Brown antechinus,17.1260751,49.5931724,-740991961,4.8,true,0.24
"Dove, galapagos",106.1698563,-6.1869527,-993339733,4.04,true,0.56
Southern black-backed gull,-99.1013498,18.6813049,-1303091018,3.7,true,0.45
Malleefowl,-51.1913338,-19.67511,-17126242,0.76,true,0.21
Arctic tern,102.267712,27.88157,256966893,0.1.8,false,0.36
"Squirrel, pine",14.759662,51.5406095,-1534287768,7.2.3,true,0.75
Eastern quoll,100.812859,38.430793,-1187280893,0.6.5,true,0.8
Arctic hare,-72.149719,-14.31779,240838071,1.32,true,0.65
"Dragon, asian water",-50.1440687,-21.0651542,17871539,6.5.2,true,0.31
Dassie,11.8627984,-4.76732,-1456716567,8.7,false,0.27
"Boar, wild",5.8978018,43.4945737,-1220106095,5.69,true,0.43
"Booby, blue-faced",-42.7399195,-2.5695714,168249917,2.54,true,0.41
White-tailed deer,18.470633,-34.0736398,-471255441,5.0.3,true,0.28
Gray langur,35.8136035,52.664639,704621059,0.28,true,0.37
"Mongoose, eastern dwarf",123.61667,13.06667,-1112875218,0.5.1,false,0.47
"Wallaby, tammar",120.133523,32.584368,894135610,6.7,false,0.1
Southern tamandua,117.684,-8.9117,-785157251,0.3.7,false,0.61
"Bird, secretary",107.9679983,-6.6913037,927516976,2.1.7,false,0.48
"Bat, asian false vampire",52.4387134,54.6001467,-1437073690,9.6.5,true,0.24
"Crane, brolga",88.9497046,24.805208,-1915954714,4.14,true,0.45
"Cockatoo, slender-billed",-78.5829504,35.9240269,-1151072731,0.80,true,0.74
Crested bunting,-111.88543,60.00029,-1319934071,9.6,true,0.79
"Armadillo, common long-nosed",120.5129814,15.5027303,385534761,0.9.6,false,0.6
"Seal, northern elephant",99.4819782,18.2868231,270750669,9.9,false,0.8
"Possum, ring-tailed",122.5666402,11.2328036,-956314249,7.20,true,0.68
Crested bunting,70.4729434,34.4198488,366789302,4.73,false,0.64
"Peacock, blue",120.8000031,15.3833332,-1060329606,0.5.6,false,0.15
Jabiru stork,81.7787021,28.517456,750425720,5.8,false,0.87
"Rattlesnake, eastern diamondback",37.8548295,55.6842625,-1005630056,6.8.8,false,0.78
Wolf spider,18.82934,54.0962372,-76117415,3.08,true,0.78
"Dragon, netted rock",-117.9688322,33.7636344,592954329,0.2.9,false,0.49
Rainbow lory,4.8886159,52.3738284,-1533824382,0.39,false,0.66
"Stork, marabou",-78.6313624,21.6936233,-1659019330,9.82,true,0.83
"Stork, woolly-necked",120.1912435,15.9793744,-1965459617,8.7.8,true,0.57
Eastern indigo snake,46.7164256,-16.4708895,-41846967,0.16,true,0.79
Collared lizard,-78.7872876,21.7425323,415821226,0.2.1,false,0.12
"Zorro, common",116.9558067,-8.5790886,-989454436,0.46,true,0.54
"Capuchin, black-capped",37.7844618,47.1479108,571681693,0.6.5,true,0.27
"Zorro, common",120.157288,30.274301,141651159,0.65,false,0.56
"Monitor, water",-90.4537748,14.7833743,717347482,0.88,false,0.72
Giant girdled lizard,110.069347,28.929108,927407944,6.3.1,false,0.78
Slender-billed cockatoo,95.71508,4.5557,594417909,0.70,true,0.31
Brolga crane,126.6607764,36.60123,98210995,4.8,true,0.84
Spotted deer,-52.6449937,5.1677581,409277291,0.41,true,0.26
"Kingfisher, white-throated",0.7501524,49.6220895,578361674,7.2,true,0.5
"Squirrel, smith's bush",79.949646,7.156124,-1615262147,0.9.3,false,0.44
"Coot, red-knobbed",45.4863093,-25.3168473,-217689518,0.5.4,false,0.82
"Rattlesnake, dusky",88.341817,22.601282,383759758,2.8,true,0.28
Killer whale,-93.7079745,32.4545928,243839257,3.6,true,0.7
Rose-ringed parakeet,21.833333,-24.166667,-2057351160,3.5.6,true,0.73
Common nighthawk,116.4073963,39.9041999,-868714575,2.4,false,0.68
"Gull, swallow-tail",100.791665,13.9483457,-2182735278,2.5.0,false,0.83
Green vine snake,14.6312221,45.2220415,-935282226,0.69,true,0.79
American badger,-58.5041922,-34.5727938,-2045386481,8.1,true,0.37
Savannah deer,-7.9809124,40.7182748,-1386859999,9.9,false,0.75
Olive baboon,117.146885,35.408609,823082037,8.24,false,0.29
"Weaver, chestnut",41.9213303,44.0738696,-1486842736,0.93,true,0.53
Rufous-collared sparrow,15.5572849,50.0005878,-285904607,3.6.6,false,0.59
Egyptian goose,-79.8884819,8.606157,-1512916686,0.77,false,0.24
"Cow, scottish highland",113.9849159,39.8032712,-2159079668,0.8.1,false,0.1
"Armadillo, giant",102.6298251,14.9649534,-432684220,0.27,true,0.34
"Duiker, common",-73.1526623,6.5905816,-507665084,4.90,false,0.24
Vicuna,-9.4143322,38.7988434,240778357,7.35,false,0.45
"Seal, northern fur",116.4073963,39.9041999,-1790642419,6.41,false,0.35
Violet-crested turaco,121.1500015,12.333333,550540707,0.51,false,0.14
Thomson's gazelle,5.9481999,45.5673785,-184438690,0.7.3,false,0.52
"Goat, mountain",11.69541,10.37418,-1178595773,0.9.6,true,0.75
Giant girdled lizard,26.6910443,54.9377761,-1620302673,2.94,true,0.51
Japanese macaque,140.5649671,37.3420459,-1046477899,0.48,true,0.48
European wild cat,79.922211,37.114157,-1379551665,8.6.3,false,0.16
Mara,114.979875,30.095643,-282106418,0.5.7,true,0.85
Serval,40.4248943,55.7754263,-1983676515,9.3.5,true,0.72
Hudsonian godwit,119.976948,31.918232,777221241,0.74,true,0.23
Common zebra,25.1059054,36.6759691,-1696521439,7.3.1,true,0.62
Common brushtail possum,36.21444,35.12751,394770789,8.58,false,0.6
"Grouse, greater sage",-78.051987,-9.32897,-1880046040,2.04,true,0.9
"Iguana, common green",81.324136,43.916823,704288387,1.8,true,0.51
"Crocodile, nile",12.0586612,57.7311038,-1522876264,4.89,false,0.46
Snake-necked turtle,-106.4177672,31.7394146,-537880923,4.70,true,0.25
"Kudu, greater",120.415017,28.880153,-1297973102,0.3.8,false,0.75
Kirk's dik dik,115.2431682,-8.6610802,-993211079,5.1.2,true,0.37
"Seal, southern elephant",48.1239894,29.1070609,919894279,9.7.3,false,0.89
"Rattlesnake, horned",113.552698,22.362731,514795889,4.44,false,0.74
Yellow-throated sandgrouse,-68.1434996,47.02018,781386834,2.6,false,0.88
"Gull, herring",136.4689157,34.6689265,-1302831257,8.31,true,0.35
"Sparrow, house",19.3247866,-33.2825097,-275456039,6.97,false,0.76
"Stork, marabou",117.653994,28.488535,842649617,0.50,false,0.45
"Dragon, netted rock",-74.974795,4.02926,251399419,0.64,false,0.34
Eastern fox squirrel,32.7675141,50.5765673,450655477,0.69,true,0.77
Ocelot,0.06251,43.247343,724695832,9.48,false,0.56
"Tarantula, salmon pink bird eater",13.4965215,59.3648079,899837314,0.47,false,0.63
"Jackal, black-backed",15.5727869,46.3919813,-1707807458,4.83,true,0.31
Common wolf,100.59082,2.06823,-1796218748,0.9.5,false,0.84
"Caiman, spectacled",111.8956112,-7.541449,-298428397,5.3.5,true,0.23
"Stork, yellow-billed",23.6824627,38.4415297,-483312856,6.16,false,0.3
"Darter, african",-37.2776539,-7.026967,-2161146953,6.2.6,true,0.55
"Lion, steller's sea",-89.1729807,13.6609515,518308281,0.36,true,0.38
Common shelduck,0.3697581,46.6698573,-1033899177,0.3.0,false,0.25
Blackbuck,30.5729962,-0.4359644,-1306652845,0.67,false,0.45
Red-breasted nuthatch,-86.7768273,36.0624707,-1009029783,1.7,true,0.18
"Toucan, white-throated",98.166667,3.7,-2154019987,4.2.4,true,0.79
Woodchuck,118.512944,30.181472,-33784242,0.65,false,0.36
Indian giant squirrel,116.474285,39.949597,-1995485355,5.0.1,true,0.32
White-necked stork,23.5051414,48.5225505,796020808,4.0,true,0.52
House sparrow,107.981045,36.905869,30114125,4.5.8,false,0.89
Seven-banded armadillo,115.279249,40.974829,71142632,0.8.3,false,0.14
"Gull, silver",116.481068,39.979686,918122499,7.28,true,0.76
"Puma, south american",18.0732103,59.3337467,-57840244,0.22,true,0.43
"Heron, green",-42.1837129,-21.5418158,-2064894242,5.8,true,0.71
Red-legged pademelon,116.421093,25.257168,-1204200291,3.0.6,true,0.88
"Waxbill, violet-eared",-57.7771566,-30.7875929,-1370955248,9.72,true,0.88
Long-tailed skua,111.791539,22.170437,-315630104,6.1,true,0.14
"Baboon, olive",67.7240089,26.4755204,-36534264,7.6,true,0.63
"Antelope, roan",-7.5293225,40.2466889,-1434973145,8.57,false,0.76
Four-striped grass mouse,102.5247836,-3.4610562,-469768292,0.2.0,false,0.73
"Badger, eurasian",-120.80253,50.49976,-1363233376,1.91,false,0.53
"Hawk, ferruginous",-102.1943485,17.9567646,-645925020,2.1,false,0.83
"Otter, brazilian",116.4559849,39.9317949,-1576594220,7.5.4,false,0.1
Great kiskadee,-95.8243956,29.7857853,-476854761,0.39,true,0.1
Klipspringer,120.167297,-0.819175,-666060293,0.74,false,0.22
"Fox, north american red",110.6973469,-7.37242,-1107687089,5.13,false,0.27
Neotropic cormorant,100.3674801,6.1244023,-1932998226,1.2.1,false,0.68
House crow,101.337097,-0.385783,-1023306945,0.20,false,0.36
Azara's zorro,-58.6564775,-34.8415903,556619147,9.3.9,true,0.65
Radiated tortoise,-25.7013016,37.760365,-226584185,0.72,false,0.49
"Salmon, sockeye",121.0317737,14.565668,105875953,0.68,false,0.29
"Otter, oriental short-clawed",18.0285502,59.3178128,-71204761,0.4.0,true,0.51
"Kookaburra, laughing",114.275059,38.071659,-739010672,0.60,false,0.63
"Cat, ringtail",-81.1,-4.683333,319307153,0.93,false,0.66
Brown and yellow marshbird,23.1314414,49.7115204,-596989741,8.12,true,0.45
Malachite kingfisher,120.241565,29.289648,934084389,0.59,true,0.24
Roseate cockatoo,-4.4012575,54.2195351,652062954,0.5.5,false,0.51
"Camel, dromedary",101.3470213,14.1060399,-301328939,4.8.6,false,0.26
"Gull, dusky",114.9042208,27.0874564,-1425606342,1.17,true,0.12
"Seal, common",-79.4366324,21.9327554,-684271928,8.4.6,false,0.14
"Lourie, grey",8.2924213,9.5848982,339785758,5.6,false,0.54
"Tern, royal",87.768212,33.308897,-130460441,2.8.4,false,0.63
"Sifaka, verreaux's",120.6382357,13.9603097,-473494081,3.1,false,0.51
White-mantled colobus,-70.7169851,-34.1691251,735780684,2.0,true,0.47
Horned puffin,138.7995122,-7.9613539,-660558182,0.4.5,false,0.25
Grant's gazelle,52.6883483,58.105032,-191816921,8.5,false,0.72
African ground squirrel (unidentified),103.0472164,16.6036472,-297718956,2.16,true,0.61
"Goose, knob-nosed",29.9874438,55.4618616,-758027144,0.7.0,false,0.61
Crab (unidentified),106.0875326,-6.5079856,-1470827203,7.8,false,0.72
"Genet, small-spotted",100.24475,1.08142,-610195009,0.3.1,false,0.56
Southern elephant seal,-73.61588,45.26678,4075615,6.7.6,true,0.89
Black-necked stork,-114.0979947,52.3076201,651747225,0.7.0,false,0.35
Meerkat,-72.1697501,19.5797297,-1233844676,5.94,true,0.59
"Dragon, komodo",-84.0960056,39.6720868,-1493168493,7.1.4,true,0.45
"Eagle, african fish",-17.0982397,32.6947983,-562384965,0.55,false,0.21
Magellanic penguin,48.390554,54.145036,483197359,6.9.4,true,0.57
